"ai_id","Gerai Rak","Motor Bak Roda 3","Truk","AC","APAR","CCTV","Internet","Software Kasir","Kasir","Mebel","Pickup 4x4","Printer","Keranjang Belanja","Seragam KDKMP","Pallet","Brankas","Starlink"
"1","TERPASANG/TERKIRIM","TIBA DILOKASI","TERPASANG/TERKIRIM","TERPASANG/TERKIRIM","TERPASANG/TERKIRIM","TERPASANG/TERKIRIM","TERPASANG/TERKIRIM","PENGIRIMAN","TERPASANG/TERKIRIM","TERPASANG/TERKIRIM","TIBA DILOKASI","","TRANSIT","","TRANSIT","","73.33%"
"2","TERPASANG/TERKIRIM","TIBA DILOKASI","TIBA DILOKASI","TERPASANG/TERKIRIM","TERPASANG/TERKIRIM","TERPASANG/TERKIRIM","TERPASANG/TERKIRIM","PENGIRIMAN","TERPASANG/TERKIRIM","TERPASANG/TERKIRIM","TIBA DILOKASI","","TRANSIT","","TRANSIT","",""
"3","TERPASANG/TERKIRIM","TIBA DILOKASI","TIBA DILOKASI","TERPASANG/TERKIRIM","TERPASANG/TERKIRIM","TERPASANG/TERKIRIM","TERPASANG/TERKIRIM","PENGIRIMAN","TERPASANG/TERKIRIM","TERPASANG/TERKIRIM","TIBA DILOKASI","","TRANSIT","","TRANSIT","",""
"4","TERPASANG/TERKIRIM","TIBA DILOKASI","TIBA DILOKASI","TERPASANG/TERKIRIM","TERPASANG/TERKIRIM","TERPASANG/TERKIRIM","TERPASANG/TERKIRIM","PENGIRIMAN","TERPASANG/TERKIRIM","TERPASANG/TERKIRIM","TIBA DILOKASI","","TRANSIT","","TRANSIT","",""
"5","TERPASANG/TERKIRIM","TIBA DILOKASI","TIBA DILOKASI","TERPASANG/TERKIRIM","TERPASANG/TERKIRIM","TERPASANG/TERKIRIM","TERPASANG/TERKIRIM","PENGIRIMAN","TERPASANG/TERKIRIM","TERPASANG/TERKIRIM","TIBA DILOKASI","","TRANSIT","","TRANSIT","",""
"6","TERPASANG/TERKIRIM","TIBA DILOKASI","TIBA DILOKASI","TERPASANG/TERKIRIM","TERPASANG/TERKIRIM","TERPASANG/TERKIRIM","TERPASANG/TERKIRIM","PENGIRIMAN","TERPASANG/TERKIRIM","TERPASANG/TERKIRIM","TIBA DILOKASI","","TRANSIT","","TRANSIT","",""
"7","TERPASANG/TERKIRIM","TIBA DILOKASI","TIBA DILOKASI","TERPASANG/TERKIRIM","TERPASANG/TERKIRIM","TERPASANG/TERKIRIM","TERPASANG/TERKIRIM","PENGIRIMAN","TERPASANG/TERKIRIM","TERPASANG/TERKIRIM","TIBA DILOKASI","","TRANSIT","","TRANSIT","",""
"8","TERPASANG/TERKIRIM","TIBA DILOKASI","TIBA DILOKASI","TERPASANG/TERKIRIM","TERPASANG/TERKIRIM","TERPASANG/TERKIRIM","TERPASANG/TERKIRIM","PENGIRIMAN","TERPASANG/TERKIRIM","TERPASANG/TERKIRIM","TIBA DILOKASI","","TRANSIT","","TRANSIT","",""
"9","TERPASANG/TERKIRIM","TIBA DILOKASI","TIBA DILOKASI","TERPASANG/TERKIRIM","TERPASANG/TERKIRIM","TERPASANG/TERKIRIM","TERPASANG/TERKIRIM","PENGIRIMAN","TERPASANG/TERKIRIM","TERPASANG/TERKIRIM","TIBA DILOKASI","","TRANSIT","","TRANSIT","",""
"10","TERPASANG/TERKIRIM","TIBA DILOKASI","TIBA DILOKASI","TERPASANG/TERKIRIM","TERPASANG/TERKIRIM","TERPASANG/TERKIRIM","TERPASANG/TERKIRIM","PENGIRIMAN","TERPASANG/TERKIRIM","TERPASANG/TERKIRIM","TIBA DILOKASI","","TRANSIT","","TRANSIT","",""
"11","TERPASANG/TERKIRIM","TIBA DILOKASI","TIBA DILOKASI","TERPASANG/TERKIRIM","TERPASANG/TERKIRIM","TERPASANG/TERKIRIM","TERPASANG/TERKIRIM","PENGIRIMAN","TERPASANG/TERKIRIM","TERPASANG/TERKIRIM","TIBA DILOKASI","","TRANSIT","","TRANSIT","",""
"12","TERPASANG/TERKIRIM","TIBA DILOKASI","TIBA DILOKASI","TERPASANG/TERKIRIM","TERPASANG/TERKIRIM","TERPASANG/TERKIRIM","TERPASANG/TERKIRIM","PENGIRIMAN","TRANSIT","TERPASANG/TERKIRIM","TIBA DILOKASI","","TRANSIT","","TRANSIT","",""
"13","TERPASANG/TERKIRIM","TIBA DILOKASI","TIBA DILOKASI","TERPASANG/TERKIRIM","TERPASANG/TERKIRIM","TERPASANG/TERKIRIM","TERPASANG/TERKIRIM","PENGIRIMAN","TRANSIT","TERPASANG/TERKIRIM","TIBA DILOKASI","","TRANSIT","","TRANSIT","",""
"14","TERPASANG/TERKIRIM","TIBA DILOKASI","TIBA DILOKASI","TERPASANG/TERKIRIM","TERPASANG/TERKIRIM","TERPASANG/TERKIRIM","TERPASANG/TERKIRIM","PENGIRIMAN","TRANSIT","TERPASANG/TERKIRIM","TIBA DILOKASI","","TRANSIT","","TRANSIT","",""
"15","TERPASANG/TERKIRIM","TIBA DILOKASI","TIBA DILOKASI","TERPASANG/TERKIRIM","TERPASANG/TERKIRIM","PENGIRIMAN","TERPASANG/TERKIRIM","PENGIRIMAN","TRANSIT","TERPASANG/TERKIRIM","TIBA DILOKASI","","TRANSIT","","TRANSIT","",""
"16","TERPASANG/TERKIRIM","TIBA DILOKASI","TIBA DILOKASI","TERPASANG/TERKIRIM","TERPASANG/TERKIRIM","TERPASANG/TERKIRIM","TERPASANG/TERKIRIM","PENGIRIMAN","TRANSIT","TERPASANG/TERKIRIM","TIBA DILOKASI","","TRANSIT","","TRANSIT","",""
"17","TERPASANG/TERKIRIM","TIBA DILOKASI","TIBA DILOKASI","TERPASANG/TERKIRIM","TERPASANG/TERKIRIM","PENGIRIMAN","TERPASANG/TERKIRIM","PENGIRIMAN","TRANSIT","TERPASANG/TERKIRIM","TIBA DILOKASI","","TRANSIT","","TRANSIT","",""
"18","TERPASANG/TERKIRIM","TIBA DILOKASI","TIBA DILOKASI","TERPASANG/TERKIRIM","TERPASANG/TERKIRIM","PENGIRIMAN","TERPASANG/TERKIRIM","PENGIRIMAN","TRANSIT","TERPASANG/TERKIRIM","TIBA DILOKASI","","TRANSIT","","TRANSIT","",""
"19","TERPASANG/TERKIRIM","TIBA DILOKASI","TIBA DILOKASI","TERPASANG/TERKIRIM","TERPASANG/TERKIRIM","PENGIRIMAN","TERPASANG/TERKIRIM","PENGIRIMAN","TRANSIT","TERPASANG/TERKIRIM","TIBA DILOKASI","","TRANSIT","","TRANSIT","",""
"20","TERPASANG/TERKIRIM","TIBA DILOKASI","TIBA DILOKASI","TERPASANG/TERKIRIM","TERPASANG/TERKIRIM","TERPASANG/TERKIRIM","TERPASANG/TERKIRIM","PENGIRIMAN","TRANSIT","TERPASANG/TERKIRIM","TIBA DILOKASI","","TRANSIT","","TRANSIT","",""
"21","TERPASANG/TERKIRIM","TIBA DILOKASI","TIBA DILOKASI","TERPASANG/TERKIRIM","TERPASANG/TERKIRIM","PENGIRIMAN","TERPASANG/TERKIRIM","PENGIRIMAN","TERPASANG/TERKIRIM","TERPASANG/TERKIRIM","TIBA DILOKASI","","","","TRANSIT","",""
"22","TERPASANG/TERKIRIM","TIBA DILOKASI","TIBA DILOKASI","TERPASANG/TERKIRIM","TERPASANG/TERKIRIM","PENGIRIMAN","TERPASANG/TERKIRIM","PENGIRIMAN","TERPASANG/TERKIRIM","TERPASANG/TERKIRIM","TIBA DILOKASI","","","","TRANSIT","",""
"23","TERPASANG/TERKIRIM","TIBA DILOKASI","TIBA DILOKASI","TERPASANG/TERKIRIM","TERPASANG/TERKIRIM","PENGIRIMAN","TERPASANG/TERKIRIM","PENGIRIMAN","TERPASANG/TERKIRIM","TERPASANG/TERKIRIM","TIBA DILOKASI","","","","TRANSIT","",""
"24","TERPASANG/TERKIRIM","TIBA DILOKASI","TIBA DILOKASI","TERPASANG/TERKIRIM","TERPASANG/TERKIRIM","PENGIRIMAN","TERPASANG/TERKIRIM","PENGIRIMAN","TRANSIT","TERPASANG/TERKIRIM","TIBA DILOKASI","","","","TRANSIT","",""
"25","TERPASANG/TERKIRIM","TIBA DILOKASI","TIBA DILOKASI","TERPASANG/TERKIRIM","TERPASANG/TERKIRIM","PENGIRIMAN","TERPASANG/TERKIRIM","PENGIRIMAN","TRANSIT","TERPASANG/TERKIRIM","TIBA DILOKASI","","","","TRANSIT","",""
"26","TERPASANG/TERKIRIM","TIBA DILOKASI","TIBA DILOKASI","TERPASANG/TERKIRIM","TERPASANG/TERKIRIM","","TERPASANG/TERKIRIM","PENGIRIMAN","TRANSIT","TERPASANG/TERKIRIM","TIBA DILOKASI","","","","TRANSIT","",""
"27","TERPASANG/TERKIRIM","TIBA DILOKASI","TIBA DILOKASI","TERPASANG/TERKIRIM","TERPASANG/TERKIRIM","","TERPASANG/TERKIRIM","PENGIRIMAN","TRANSIT","TERPASANG/TERKIRIM","TIBA DILOKASI","","","","TRANSIT","",""
"28","TERPASANG/TERKIRIM","TIBA DILOKASI","TIBA DILOKASI","TERPASANG/TERKIRIM","TERPASANG/TERKIRIM","","TERPASANG/TERKIRIM","PENGIRIMAN","TERPASANG/TERKIRIM","TERPASANG/TERKIRIM","TIBA DILOKASI","","","","TRANSIT","",""
"29","TERPASANG/TERKIRIM","TIBA DILOKASI","TIBA DILOKASI","TERPASANG/TERKIRIM","TERPASANG/TERKIRIM","","TERPASANG/TERKIRIM","PENGIRIMAN","TRANSIT","TERPASANG/TERKIRIM","TIBA DILOKASI","","","","TRANSIT","",""
"30","TERPASANG/TERKIRIM","TIBA DILOKASI","TIBA DILOKASI","TERPASANG/TERKIRIM","TERPASANG/TERKIRIM","","TERPASANG/TERKIRIM","PENGIRIMAN","TRANSIT","TERPASANG/TERKIRIM","TIBA DILOKASI","","","","TRANSIT","",""
"31","TERPASANG/TERKIRIM","TIBA DILOKASI","TIBA DILOKASI","TERPASANG/TERKIRIM","TERPASANG/TERKIRIM","","TERPASANG/TERKIRIM","PENGIRIMAN","TRANSIT","TERPASANG/TERKIRIM","TIBA DILOKASI","","","","TRANSIT","",""
"32","TERPASANG/TERKIRIM","TIBA DILOKASI","TIBA DILOKASI","TERPASANG/TERKIRIM","TERPASANG/TERKIRIM","","TERPASANG/TERKIRIM","PENGIRIMAN","TRANSIT","TERPASANG/TERKIRIM","TIBA DILOKASI","","","","TRANSIT","",""
"33","TERPASANG/TERKIRIM","TIBA DILOKASI","TIBA DILOKASI","TERPASANG/TERKIRIM","TERPASANG/TERKIRIM","","TERPASANG/TERKIRIM","PENGIRIMAN","TRANSIT","TERPASANG/TERKIRIM","TIBA DILOKASI","","","","TRANSIT","",""
"34","TERPASANG/TERKIRIM","TIBA DILOKASI","TIBA DILOKASI","TERPASANG/TERKIRIM","TERPASANG/TERKIRIM","","TERPASANG/TERKIRIM","PENGIRIMAN","TRANSIT","TERPASANG/TERKIRIM","TIBA DILOKASI","","","","TRANSIT","",""
"35","TERPASANG/TERKIRIM","TIBA DILOKASI","TIBA DILOKASI","TERPASANG/TERKIRIM","TERPASANG/TERKIRIM","","TERPASANG/TERKIRIM","PENGIRIMAN","TRANSIT","TERPASANG/TERKIRIM","TIBA DILOKASI","","","","TRANSIT","",""
"36","TERPASANG/TERKIRIM","TIBA DILOKASI","TIBA DILOKASI","TERPASANG/TERKIRIM","TERPASANG/TERKIRIM","","TERPASANG/TERKIRIM","PENGIRIMAN","TRANSIT","TERPASANG/TERKIRIM","TIBA DILOKASI","","","","TRANSIT","",""
"37","TERPASANG/TERKIRIM","TIBA DILOKASI","TIBA DILOKASI","TERPASANG/TERKIRIM","TERPASANG/TERKIRIM","","TERPASANG/TERKIRIM","PENGIRIMAN","TRANSIT","TERPASANG/TERKIRIM","TIBA DILOKASI","","","","TRANSIT","",""
"38","TERPASANG/TERKIRIM","TIBA DILOKASI","TIBA DILOKASI","TERPASANG/TERKIRIM","TERPASANG/TERKIRIM","","TERPASANG/TERKIRIM","PENGIRIMAN","TRANSIT","TERPASANG/TERKIRIM","TIBA DILOKASI","","","","TRANSIT","",""
"39","TERPASANG/TERKIRIM","TIBA DILOKASI","TIBA DILOKASI","TERPASANG/TERKIRIM","TERPASANG/TERKIRIM","","TERPASANG/TERKIRIM","PENGIRIMAN","TRANSIT","TERPASANG/TERKIRIM","TIBA DILOKASI","","","","TRANSIT","",""
"40","TERPASANG/TERKIRIM","TIBA DILOKASI","TIBA DILOKASI","TERPASANG/TERKIRIM","TERPASANG/TERKIRIM","","TERPASANG/TERKIRIM","PENGIRIMAN","TRANSIT","TERPASANG/TERKIRIM","TIBA DILOKASI","","","","TRANSIT","",""
"41","TERPASANG/TERKIRIM","TIBA DILOKASI","TIBA DILOKASI","TERPASANG/TERKIRIM","TERPASANG/TERKIRIM","","TERPASANG/TERKIRIM","PENGIRIMAN","TRANSIT","TERPASANG/TERKIRIM","TIBA DILOKASI","","","","TRANSIT","",""
"42","TERPASANG/TERKIRIM","TIBA DILOKASI","TIBA DILOKASI","TERPASANG/TERKIRIM","TERPASANG/TERKIRIM","","TERPASANG/TERKIRIM","PENGIRIMAN","TERPASANG/TERKIRIM","TERPASANG/TERKIRIM","TIBA DILOKASI","","","","TRANSIT","",""
"43","TERPASANG/TERKIRIM","TIBA DILOKASI","TIBA DILOKASI","TERPASANG/TERKIRIM","TERPASANG/TERKIRIM","","TERPASANG/TERKIRIM","PENGIRIMAN","TRANSIT","TERPASANG/TERKIRIM","TIBA DILOKASI","","","","TRANSIT","",""
"44","TERPASANG/TERKIRIM","TIBA DILOKASI","TIBA DILOKASI","TERPASANG/TERKIRIM","TERPASANG/TERKIRIM","","TERPASANG/TERKIRIM","PENGIRIMAN","TRANSIT","TERPASANG/TERKIRIM","TIBA DILOKASI","","","","TRANSIT","",""
"45","TERPASANG/TERKIRIM","TIBA DILOKASI","TIBA DILOKASI","TERPASANG/TERKIRIM","TERPASANG/TERKIRIM","","TERPASANG/TERKIRIM","PENGIRIMAN","TRANSIT","TERPASANG/TERKIRIM","TIBA DILOKASI","","","","TRANSIT","",""
"46","TERPASANG/TERKIRIM","TIBA DILOKASI","TIBA DILOKASI","TERPASANG/TERKIRIM","TERPASANG/TERKIRIM","TERPASANG/TERKIRIM","TERPASANG/TERKIRIM","PENGIRIMAN","TRANSIT","TERPASANG/TERKIRIM","TIBA DILOKASI","","","","TRANSIT","",""
"47","TERPASANG/TERKIRIM","TIBA DILOKASI","TIBA DILOKASI","TERPASANG/TERKIRIM","TERPASANG/TERKIRIM","","TERPASANG/TERKIRIM","PENGIRIMAN","TRANSIT","TERPASANG/TERKIRIM","TIBA DILOKASI","","","","TRANSIT","",""
"48","TERPASANG/TERKIRIM","TIBA DILOKASI","TIBA DILOKASI","TERPASANG/TERKIRIM","TERPASANG/TERKIRIM","","TERPASANG/TERKIRIM","PENGIRIMAN","TRANSIT","TERPASANG/TERKIRIM","TIBA DILOKASI","","","","TRANSIT","",""
"49","TERPASANG/TERKIRIM","TIBA DILOKASI","TIBA DILOKASI","TERPASANG/TERKIRIM","TERPASANG/TERKIRIM","","TERPASANG/TERKIRIM","PENGIRIMAN","TRANSIT","TERPASANG/TERKIRIM","TIBA DILOKASI","","","","TRANSIT","",""
"50","TERPASANG/TERKIRIM","TIBA DILOKASI","TIBA DILOKASI","TERPASANG/TERKIRIM","TERPASANG/TERKIRIM","","TERPASANG/TERKIRIM","PENGIRIMAN","TRANSIT","TERPASANG/TERKIRIM","TIBA DILOKASI","","","","TRANSIT","",""
"51","TERPASANG/TERKIRIM","TIBA DILOKASI","TIBA DILOKASI","TERPASANG/TERKIRIM","TERPASANG/TERKIRIM","","TERPASANG/TERKIRIM","PENGIRIMAN","TRANSIT","TERPASANG/TERKIRIM","TIBA DILOKASI","","","","TRANSIT","",""
"52","TERPASANG/TERKIRIM","TIBA DILOKASI","TIBA DILOKASI","TERPASANG/TERKIRIM","TERPASANG/TERKIRIM","","TERPASANG/TERKIRIM","PENGIRIMAN","TRANSIT","TERPASANG/TERKIRIM","TIBA DILOKASI","","","","TRANSIT","",""
"53","TERPASANG/TERKIRIM","TIBA DILOKASI","TIBA DILOKASI","TERPASANG/TERKIRIM","TERPASANG/TERKIRIM","","TERPASANG/TERKIRIM","PENGIRIMAN","TRANSIT","TERPASANG/TERKIRIM","TIBA DILOKASI","","","","TRANSIT","",""
"54","TERPASANG/TERKIRIM","TIBA DILOKASI","TIBA DILOKASI","TERPASANG/TERKIRIM","TERPASANG/TERKIRIM","TERPASANG/TERKIRIM","TERPASANG/TERKIRIM","PENGIRIMAN","TERPASANG/TERKIRIM","TERPASANG/TERKIRIM","TIBA DILOKASI","","","","TRANSIT","",""
"55","TERPASANG/TERKIRIM","TIBA DILOKASI","TIBA DILOKASI","TERPASANG/TERKIRIM","TERPASANG/TERKIRIM","","TERPASANG/TERKIRIM","PENGIRIMAN","TERPASANG/TERKIRIM","TERPASANG/TERKIRIM","TIBA DILOKASI","","","","TRANSIT","",""
"56","TERPASANG/TERKIRIM","TIBA DILOKASI","TIBA DILOKASI","TERPASANG/TERKIRIM","TERPASANG/TERKIRIM","TERPASANG/TERKIRIM","TERPASANG/TERKIRIM","PENGIRIMAN","TERPASANG/TERKIRIM","TERPASANG/TERKIRIM","TIBA DILOKASI","","","","TRANSIT","",""
"57","TERPASANG/TERKIRIM","TIBA DILOKASI","TIBA DILOKASI","TERPASANG/TERKIRIM","TERPASANG/TERKIRIM","TERPASANG/TERKIRIM","TERPASANG/TERKIRIM","PENGIRIMAN","TERPASANG/TERKIRIM","TERPASANG/TERKIRIM","TIBA DILOKASI","","","","TRANSIT","",""
"58","TERPASANG/TERKIRIM","TIBA DILOKASI","TIBA DILOKASI","TERPASANG/TERKIRIM","TERPASANG/TERKIRIM","","TERPASANG/TERKIRIM","PENGIRIMAN","TRANSIT","TERPASANG/TERKIRIM","TIBA DILOKASI","","","","TRANSIT","",""
"59","TERPASANG/TERKIRIM","TIBA DILOKASI","TIBA DILOKASI","TERPASANG/TERKIRIM","TERPASANG/TERKIRIM","","TERPASANG/TERKIRIM","PENGIRIMAN","TRANSIT","TERPASANG/TERKIRIM","TIBA DILOKASI","","","","TRANSIT","",""
"60","TERPASANG/TERKIRIM","TIBA DILOKASI","TIBA DILOKASI","TERPASANG/TERKIRIM","TERPASANG/TERKIRIM","TERPASANG/TERKIRIM","TERPASANG/TERKIRIM","PENGIRIMAN","TERPASANG/TERKIRIM","TERPASANG/TERKIRIM","TIBA DILOKASI","","","","TRANSIT","",""
"61","TERPASANG/TERKIRIM","TIBA DILOKASI","TIBA DILOKASI","TERPASANG/TERKIRIM","TERPASANG/TERKIRIM","TERPASANG/TERKIRIM","TERPASANG/TERKIRIM","PENGIRIMAN","TERPASANG/TERKIRIM","TERPASANG/TERKIRIM","TIBA DILOKASI","","","","TRANSIT","",""
"62","TERPASANG/TERKIRIM","TIBA DILOKASI","TIBA DILOKASI","TERPASANG/TERKIRIM","TERPASANG/TERKIRIM","TERPASANG/TERKIRIM","TERPASANG/TERKIRIM","PENGIRIMAN","TERPASANG/TERKIRIM","TERPASANG/TERKIRIM","TIBA DILOKASI","","","","TRANSIT","",""
"63","TERPASANG/TERKIRIM","TIBA DILOKASI","TIBA DILOKASI","TERPASANG/TERKIRIM","TERPASANG/TERKIRIM","TERPASANG/TERKIRIM","TERPASANG/TERKIRIM","PENGIRIMAN","TERPASANG/TERKIRIM","TERPASANG/TERKIRIM","TIBA DILOKASI","","","","TRANSIT","",""
"64","TERPASANG/TERKIRIM","TIBA DILOKASI","TIBA DILOKASI","TERPASANG/TERKIRIM","TERPASANG/TERKIRIM","","TERPASANG/TERKIRIM","PENGIRIMAN","TERPASANG/TERKIRIM","TERPASANG/TERKIRIM","TIBA DILOKASI","","","","TRANSIT","",""
"65","TERPASANG/TERKIRIM","TIBA DILOKASI","TIBA DILOKASI","TERPASANG/TERKIRIM","TERPASANG/TERKIRIM","","TERPASANG/TERKIRIM","PENGIRIMAN","TERPASANG/TERKIRIM","TERPASANG/TERKIRIM","TIBA DILOKASI","","","","TRANSIT","",""
"66","TERPASANG/TERKIRIM","TIBA DILOKASI","TIBA DILOKASI","TERPASANG/TERKIRIM","TERPASANG/TERKIRIM","","TERPASANG/TERKIRIM","PENGIRIMAN","TERPASANG/TERKIRIM","TERPASANG/TERKIRIM","TIBA DILOKASI","","","","TRANSIT","",""
"67","TERPASANG/TERKIRIM","TIBA DILOKASI","TIBA DILOKASI","TERPASANG/TERKIRIM","TERPASANG/TERKIRIM","","TERPASANG/TERKIRIM","PENGIRIMAN","TRANSIT","TERPASANG/TERKIRIM","TIBA DILOKASI","","","","TRANSIT","",""
"68","TERPASANG/TERKIRIM","TIBA DILOKASI","TIBA DILOKASI","TERPASANG/TERKIRIM","TERPASANG/TERKIRIM","","TERPASANG/TERKIRIM","PENGIRIMAN","TRANSIT","TERPASANG/TERKIRIM","TIBA DILOKASI","","","","TRANSIT","",""
"69","TERPASANG/TERKIRIM","TIBA DILOKASI","TIBA DILOKASI","TERPASANG/TERKIRIM","TERPASANG/TERKIRIM","","TERPASANG/TERKIRIM","PENGIRIMAN","PENGIRIMAN","TERPASANG/TERKIRIM","TIBA DILOKASI","","","","TRANSIT","",""
"70","TERPASANG/TERKIRIM","TIBA DILOKASI","TIBA DILOKASI","TERPASANG/TERKIRIM","TERPASANG/TERKIRIM","","TERPASANG/TERKIRIM","PENGIRIMAN","PENGIRIMAN","TERPASANG/TERKIRIM","TIBA DILOKASI","","","","TRANSIT","",""
"71","TERPASANG/TERKIRIM","TIBA DILOKASI","TIBA DILOKASI","TERPASANG/TERKIRIM","TERPASANG/TERKIRIM","","TERPASANG/TERKIRIM","PENGIRIMAN","PENGIRIMAN","TERPASANG/TERKIRIM","TIBA DILOKASI","","","","TRANSIT","",""
"72","TERPASANG/TERKIRIM","TIBA DILOKASI","TIBA DILOKASI","TERPASANG/TERKIRIM","TERPASANG/TERKIRIM","","TERPASANG/TERKIRIM","PENGIRIMAN","TRANSIT","TERPASANG/TERKIRIM","TIBA DILOKASI","","","","TRANSIT","",""
"73","TERPASANG/TERKIRIM","TIBA DILOKASI","TIBA DILOKASI","TERPASANG/TERKIRIM","TERPASANG/TERKIRIM","TERPASANG/TERKIRIM","TERPASANG/TERKIRIM","PENGIRIMAN","TRANSIT","TERPASANG/TERKIRIM","TIBA DILOKASI","","","","TRANSIT","",""
"74","TERPASANG/TERKIRIM","TIBA DILOKASI","TIBA DILOKASI","TERPASANG/TERKIRIM","TERPASANG/TERKIRIM","","TERPASANG/TERKIRIM","PENGIRIMAN","TRANSIT","TERPASANG/TERKIRIM","TIBA DILOKASI","","","","TRANSIT","",""
"75","TERPASANG/TERKIRIM","TIBA DILOKASI","TIBA DILOKASI","TERPASANG/TERKIRIM","TERPASANG/TERKIRIM","","TERPASANG/TERKIRIM","PENGIRIMAN","TRANSIT","TERPASANG/TERKIRIM","TIBA DILOKASI","","","","TRANSIT","",""
"76","TERPASANG/TERKIRIM","TIBA DILOKASI","TIBA DILOKASI","TERPASANG/TERKIRIM","TERPASANG/TERKIRIM","","TERPASANG/TERKIRIM","PENGIRIMAN","TRANSIT","TERPASANG/TERKIRIM","TIBA DILOKASI","","","","TRANSIT","",""
"77","TERPASANG/TERKIRIM","TIBA DILOKASI","TIBA DILOKASI","TERPASANG/TERKIRIM","TERPASANG/TERKIRIM","","TERPASANG/TERKIRIM","PENGIRIMAN","TRANSIT","TERPASANG/TERKIRIM","TIBA DILOKASI","","","","TRANSIT","",""
"78","TERPASANG/TERKIRIM","TIBA DILOKASI","TIBA DILOKASI","TERPASANG/TERKIRIM","TERPASANG/TERKIRIM","","TERPASANG/TERKIRIM","PENGIRIMAN","TRANSIT","TERPASANG/TERKIRIM","TIBA DILOKASI","","","","TRANSIT","",""
"79","TERPASANG/TERKIRIM","TIBA DILOKASI","TIBA DILOKASI","TERPASANG/TERKIRIM","TERPASANG/TERKIRIM","","TERPASANG/TERKIRIM","PENGIRIMAN","TRANSIT","TERPASANG/TERKIRIM","TIBA DILOKASI","","","","TRANSIT","",""
"80","TERPASANG/TERKIRIM","TIBA DILOKASI","TIBA DILOKASI","TERPASANG/TERKIRIM","TERPASANG/TERKIRIM","","TERPASANG/TERKIRIM","PENGIRIMAN","TERPASANG/TERKIRIM","TERPASANG/TERKIRIM","TIBA DILOKASI","","","","TRANSIT","",""
"81","TERPASANG/TERKIRIM","TERPASANG/TERKIRIM","TERPASANG/TERKIRIM","TERPASANG/TERKIRIM","TERPASANG/TERKIRIM","TERPASANG/TERKIRIM","TERPASANG/TERKIRIM","TERPASANG/TERKIRIM","TERPASANG/TERKIRIM","TERPASANG/TERKIRIM","TIBA DILOKASI","TERPASANG/TERKIRIM","TRANSIT","TERPASANG/TERKIRIM","","",""
"82","TERPASANG/TERKIRIM","TERPASANG/TERKIRIM","TERPASANG/TERKIRIM","TERPASANG/TERKIRIM","TERPASANG/TERKIRIM","TERPASANG/TERKIRIM","TERPASANG/TERKIRIM","TERPASANG/TERKIRIM","TERPASANG/TERKIRIM","TERPASANG/TERKIRIM","TIBA DILOKASI","TERPASANG/TERKIRIM","TRANSIT","TERPASANG/TERKIRIM","","",""
"83","TERPASANG/TERKIRIM","TERPASANG/TERKIRIM","TERPASANG/TERKIRIM","TERPASANG/TERKIRIM","TERPASANG/TERKIRIM","TERPASANG/TERKIRIM","TERPASANG/TERKIRIM","TERPASANG/TERKIRIM","TERPASANG/TERKIRIM","TERPASANG/TERKIRIM","TIBA DILOKASI","TERPASANG/TERKIRIM","TRANSIT","TERPASANG/TERKIRIM","","",""
"84","TERPASANG/TERKIRIM","TERPASANG/TERKIRIM","TERPASANG/TERKIRIM","TERPASANG/TERKIRIM","TERPASANG/TERKIRIM","TERPASANG/TERKIRIM","TERPASANG/TERKIRIM","TERPASANG/TERKIRIM","TERPASANG/TERKIRIM","TERPASANG/TERKIRIM","TIBA DILOKASI","TERPASANG/TERKIRIM","TRANSIT","TERPASANG/TERKIRIM","","",""
"85","TERPASANG/TERKIRIM","TERPASANG/TERKIRIM","TERPASANG/TERKIRIM","TERPASANG/TERKIRIM","TERPASANG/TERKIRIM","TERPASANG/TERKIRIM","TERPASANG/TERKIRIM","TERPASANG/TERKIRIM","TERPASANG/TERKIRIM","TERPASANG/TERKIRIM","TIBA DILOKASI","TERPASANG/TERKIRIM","TRANSIT","TERPASANG/TERKIRIM","","",""
"86","TERPASANG/TERKIRIM","TERPASANG/TERKIRIM","TERPASANG/TERKIRIM","TERPASANG/TERKIRIM","TERPASANG/TERKIRIM","TERPASANG/TERKIRIM","TERPASANG/TERKIRIM","TERPASANG/TERKIRIM","TERPASANG/TERKIRIM","TERPASANG/TERKIRIM","TIBA DILOKASI","TERPASANG/TERKIRIM","TRANSIT","TERPASANG/TERKIRIM","","",""
"87","TERPASANG/TERKIRIM","TERPASANG/TERKIRIM","TERPASANG/TERKIRIM","TERPASANG/TERKIRIM","TERPASANG/TERKIRIM","TERPASANG/TERKIRIM","TERPASANG/TERKIRIM","TERPASANG/TERKIRIM","TERPASANG/TERKIRIM","TERPASANG/TERKIRIM","TIBA DILOKASI","TERPASANG/TERKIRIM","TRANSIT","TERPASANG/TERKIRIM","","",""
"88","TERPASANG/TERKIRIM","TERPASANG/TERKIRIM","TERPASANG/TERKIRIM","TERPASANG/TERKIRIM","TERPASANG/TERKIRIM","TERPASANG/TERKIRIM","TERPASANG/TERKIRIM","TERPASANG/TERKIRIM","TERPASANG/TERKIRIM","TERPASANG/TERKIRIM","TIBA DILOKASI","TERPASANG/TERKIRIM","TRANSIT","TERPASANG/TERKIRIM","","",""
"89","TERPASANG/TERKIRIM","TERPASANG/TERKIRIM","TERPASANG/TERKIRIM","TERPASANG/TERKIRIM","TERPASANG/TERKIRIM","PENGIRIMAN","PENGIRIMAN","TERPASANG/TERKIRIM","TRANSIT","TERPASANG/TERKIRIM","TIBA DILOKASI","TERPASANG/TERKIRIM","TRANSIT","TERPASANG/TERKIRIM","","",""
"90","TERPASANG/TERKIRIM","TERPASANG/TERKIRIM","TERPASANG/TERKIRIM","TERPASANG/TERKIRIM","TERPASANG/TERKIRIM","TERPASANG/TERKIRIM","TERPASANG/TERKIRIM","TERPASANG/TERKIRIM","TERPASANG/TERKIRIM","TERPASANG/TERKIRIM","TIBA DILOKASI","TERPASANG/TERKIRIM","TRANSIT","TERPASANG/TERKIRIM","","",""
"91","TERPASANG/TERKIRIM","TERPASANG/TERKIRIM","TERPASANG/TERKIRIM","TERPASANG/TERKIRIM","TERPASANG/TERKIRIM","TERPASANG/TERKIRIM","TERPASANG/TERKIRIM","TERPASANG/TERKIRIM","TERPASANG/TERKIRIM","TERPASANG/TERKIRIM","TIBA DILOKASI","TERPASANG/TERKIRIM","TRANSIT","TERPASANG/TERKIRIM","","",""
"92","TERPASANG/TERKIRIM","TERPASANG/TERKIRIM","TERPASANG/TERKIRIM","TERPASANG/TERKIRIM","TERPASANG/TERKIRIM","TERPASANG/TERKIRIM","TERPASANG/TERKIRIM","TERPASANG/TERKIRIM","TERPASANG/TERKIRIM","TERPASANG/TERKIRIM","TIBA DILOKASI","TERPASANG/TERKIRIM","TRANSIT","TERPASANG/TERKIRIM","","",""
"93","TERPASANG/TERKIRIM","TERPASANG/TERKIRIM","TERPASANG/TERKIRIM","TERPASANG/TERKIRIM","TERPASANG/TERKIRIM","TERPASANG/TERKIRIM","TERPASANG/TERKIRIM","TERPASANG/TERKIRIM","TERPASANG/TERKIRIM","TERPASANG/TERKIRIM","TIBA DILOKASI","TERPASANG/TERKIRIM","TRANSIT","TERPASANG/TERKIRIM","","",""
"94","TERPASANG/TERKIRIM","TERPASANG/TERKIRIM","TERPASANG/TERKIRIM","TERPASANG/TERKIRIM","TERPASANG/TERKIRIM","TERPASANG/TERKIRIM","TERPASANG/TERKIRIM","TERPASANG/TERKIRIM","TERPASANG/TERKIRIM","TERPASANG/TERKIRIM","TIBA DILOKASI","TERPASANG/TERKIRIM","TRANSIT","TERPASANG/TERKIRIM","","",""
"95","TERPASANG/TERKIRIM","TERPASANG/TERKIRIM","TERPASANG/TERKIRIM","TERPASANG/TERKIRIM","TERPASANG/TERKIRIM","TERPASANG/TERKIRIM","TERPASANG/TERKIRIM","TERPASANG/TERKIRIM","TERPASANG/TERKIRIM","TERPASANG/TERKIRIM","TIBA DILOKASI","TERPASANG/TERKIRIM","TRANSIT","TERPASANG/TERKIRIM","","",""
"96","TERPASANG/TERKIRIM","TERPASANG/TERKIRIM","TERPASANG/TERKIRIM","TERPASANG/TERKIRIM","TERPASANG/TERKIRIM","TERPASANG/TERKIRIM","TERPASANG/TERKIRIM","TERPASANG/TERKIRIM","TERPASANG/TERKIRIM","TERPASANG/TERKIRIM","TIBA DILOKASI","TERPASANG/TERKIRIM","TRANSIT","TERPASANG/TERKIRIM","","",""
"97","TERPASANG/TERKIRIM","TERPASANG/TERKIRIM","TERPASANG/TERKIRIM","TERPASANG/TERKIRIM","TERPASANG/TERKIRIM","TERPASANG/TERKIRIM","TERPASANG/TERKIRIM","TERPASANG/TERKIRIM","TERPASANG/TERKIRIM","TERPASANG/TERKIRIM","TIBA DILOKASI","TERPASANG/TERKIRIM","TRANSIT","TERPASANG/TERKIRIM","","",""
"98","TERPASANG/TERKIRIM","TERPASANG/TERKIRIM","TERPASANG/TERKIRIM","TERPASANG/TERKIRIM","TERPASANG/TERKIRIM","TERPASANG/TERKIRIM","TERPASANG/TERKIRIM","TERPASANG/TERKIRIM","TRANSIT","TERPASANG/TERKIRIM","TIBA DILOKASI","TERPASANG/TERKIRIM","TRANSIT","TERPASANG/TERKIRIM","","",""
"99","TERPASANG/TERKIRIM","TERPASANG/TERKIRIM","TERPASANG/TERKIRIM","TERPASANG/TERKIRIM","TERPASANG/TERKIRIM","TERPASANG/TERKIRIM","TERPASANG/TERKIRIM","TERPASANG/TERKIRIM","TERPASANG/TERKIRIM","TERPASANG/TERKIRIM","TIBA DILOKASI","TERPASANG/TERKIRIM","TRANSIT","TERPASANG/TERKIRIM","","",""
"100","TERPASANG/TERKIRIM","TERPASANG/TERKIRIM","TERPASANG/TERKIRIM","TERPASANG/TERKIRIM","TERPASANG/TERKIRIM","TERPASANG/TERKIRIM","TERPASANG/TERKIRIM","TERPASANG/TERKIRIM","TERPASANG/TERKIRIM","TERPASANG/TERKIRIM","TIBA DILOKASI","TERPASANG/TERKIRIM","TRANSIT","TERPASANG/TERKIRIM","","",""
"101","TERPASANG/TERKIRIM","TERPASANG/TERKIRIM","TERPASANG/TERKIRIM","TERPASANG/TERKIRIM","TERPASANG/TERKIRIM","TERPASANG/TERKIRIM","TERPASANG/TERKIRIM","TERPASANG/TERKIRIM","TERPASANG/TERKIRIM","TERPASANG/TERKIRIM","TIBA DILOKASI","TERPASANG/TERKIRIM","TRANSIT","TERPASANG/TERKIRIM","","",""
"102","TERPASANG/TERKIRIM","TERPASANG/TERKIRIM","TERPASANG/TERKIRIM","TERPASANG/TERKIRIM","TERPASANG/TERKIRIM","TERPASANG/TERKIRIM","TERPASANG/TERKIRIM","TERPASANG/TERKIRIM","TERPASANG/TERKIRIM","TERPASANG/TERKIRIM","TIBA DILOKASI","TERPASANG/TERKIRIM","TRANSIT","PENGIRIMAN","","",""
"103","TERPASANG/TERKIRIM","TERPASANG/TERKIRIM","TERPASANG/TERKIRIM","TERPASANG/TERKIRIM","TERPASANG/TERKIRIM","TERPASANG/TERKIRIM","TERPASANG/TERKIRIM","TERPASANG/TERKIRIM","TERPASANG/TERKIRIM","TERPASANG/TERKIRIM","TIBA DILOKASI","TERPASANG/TERKIRIM","TRANSIT","PENGIRIMAN","","",""
"104","TERPASANG/TERKIRIM","TERPASANG/TERKIRIM","TERPASANG/TERKIRIM","TERPASANG/TERKIRIM","TERPASANG/TERKIRIM","PENGIRIMAN","PENGIRIMAN","PENGIRIMAN","TERPASANG/TERKIRIM","TERPASANG/TERKIRIM","TIBA DILOKASI","TERPASANG/TERKIRIM","TRANSIT","PENGIRIMAN","","",""
"105","TERPASANG/TERKIRIM","TERPASANG/TERKIRIM","TERPASANG/TERKIRIM","TERPASANG/TERKIRIM","TERPASANG/TERKIRIM","PENGIRIMAN","PENGIRIMAN","TERPASANG/TERKIRIM","TERPASANG/TERKIRIM","TERPASANG/TERKIRIM","TIBA DILOKASI","TERPASANG/TERKIRIM","TRANSIT","PENGIRIMAN","","",""
"106","TERPASANG/TERKIRIM","TERPASANG/TERKIRIM","TERPASANG/TERKIRIM","TERPASANG/TERKIRIM","TERPASANG/TERKIRIM","TERPASANG/TERKIRIM","TERPASANG/TERKIRIM","TERPASANG/TERKIRIM","TERPASANG/TERKIRIM","TERPASANG/TERKIRIM","TIBA DILOKASI","TERPASANG/TERKIRIM","TRANSIT","PENGIRIMAN","","",""
"107","TERPASANG/TERKIRIM","TERPASANG/TERKIRIM","TERPASANG/TERKIRIM","TERPASANG/TERKIRIM","TERPASANG/TERKIRIM","TERPASANG/TERKIRIM","TERPASANG/TERKIRIM","TERPASANG/TERKIRIM","TERPASANG/TERKIRIM","TERPASANG/TERKIRIM","TIBA DILOKASI","TERPASANG/TERKIRIM","TRANSIT","PENGIRIMAN","","",""
"108","TERPASANG/TERKIRIM","TERPASANG/TERKIRIM","TERPASANG/TERKIRIM","TERPASANG/TERKIRIM","PENGIRIMAN","PENGIRIMAN","PENGIRIMAN","PENGIRIMAN","TERPASANG/TERKIRIM","TERPASANG/TERKIRIM","TIBA DILOKASI","TERPASANG/TERKIRIM","TRANSIT","PENGIRIMAN","","",""
"109","TERPASANG/TERKIRIM","TERPASANG/TERKIRIM","TERPASANG/TERKIRIM","TERPASANG/TERKIRIM","PENGIRIMAN","PENGIRIMAN","PENGIRIMAN","PENGIRIMAN","TERPASANG/TERKIRIM","TERPASANG/TERKIRIM","TIBA DILOKASI","TERPASANG/TERKIRIM","TRANSIT","PENGIRIMAN","","",""
"110","TERPASANG/TERKIRIM","TERPASANG/TERKIRIM","TERPASANG/TERKIRIM","TERPASANG/TERKIRIM","TERPASANG/TERKIRIM","PENGIRIMAN","PENGIRIMAN","PENGIRIMAN","TERPASANG/TERKIRIM","TERPASANG/TERKIRIM","TIBA DILOKASI","TERPASANG/TERKIRIM","TRANSIT","PENGIRIMAN","","",""
"111","TERPASANG/TERKIRIM","TIBA DILOKASI","TIBA DILOKASI","TERPASANG/TERKIRIM","TERPASANG/TERKIRIM","TERPASANG/TERKIRIM","TERPASANG/TERKIRIM","TERPASANG/TERKIRIM","TERPASANG/TERKIRIM","TERPASANG/TERKIRIM","TIBA DILOKASI","TRANSIT","TRANSIT","","PENGIRIMAN","",""
"112","TERPASANG/TERKIRIM","TIBA DILOKASI","TIBA DILOKASI","TERPASANG/TERKIRIM","TERPASANG/TERKIRIM","TERPASANG/TERKIRIM","TERPASANG/TERKIRIM","TERPASANG/TERKIRIM","TERPASANG/TERKIRIM","TERPASANG/TERKIRIM","TIBA DILOKASI","TRANSIT","TRANSIT","","PENGIRIMAN","",""
"113","TERPASANG/TERKIRIM","TIBA DILOKASI","TIBA DILOKASI","TERPASANG/TERKIRIM","TERPASANG/TERKIRIM","PENGIRIMAN","TERPASANG/TERKIRIM","TERPASANG/TERKIRIM","TERPASANG/TERKIRIM","TERPASANG/TERKIRIM","TIBA DILOKASI","TRANSIT","TRANSIT","","PENGIRIMAN","",""
"114","TERPASANG/TERKIRIM","TIBA DILOKASI","TIBA DILOKASI","TERPASANG/TERKIRIM","TERPASANG/TERKIRIM","PENGIRIMAN","TERPASANG/TERKIRIM","TERPASANG/TERKIRIM","TERPASANG/TERKIRIM","TERPASANG/TERKIRIM","TIBA DILOKASI","TRANSIT","TRANSIT","","PENGIRIMAN","",""
"115","TERPASANG/TERKIRIM","TIBA DILOKASI","TIBA DILOKASI","TERPASANG/TERKIRIM","TERPASANG/TERKIRIM","PENGIRIMAN","TERPASANG/TERKIRIM","TERPASANG/TERKIRIM","TERPASANG/TERKIRIM","TERPASANG/TERKIRIM","TIBA DILOKASI","TRANSIT","TRANSIT","","PENGIRIMAN","",""
"116","TERPASANG/TERKIRIM","TIBA DILOKASI","TIBA DILOKASI","TERPASANG/TERKIRIM","TERPASANG/TERKIRIM","TERPASANG/TERKIRIM","TERPASANG/TERKIRIM","TERPASANG/TERKIRIM","TERPASANG/TERKIRIM","TERPASANG/TERKIRIM","TIBA DILOKASI","TRANSIT","TRANSIT","","PENGIRIMAN","",""
"117","TERPASANG/TERKIRIM","TIBA DILOKASI","TIBA DILOKASI","TERPASANG/TERKIRIM","TERPASANG/TERKIRIM","TERPASANG/TERKIRIM","TERPASANG/TERKIRIM","TERPASANG/TERKIRIM","TERPASANG/TERKIRIM","TERPASANG/TERKIRIM","TIBA DILOKASI","TRANSIT","TRANSIT","","PENGIRIMAN","",""
"118","TERPASANG/TERKIRIM","TIBA DILOKASI","TIBA DILOKASI","TERPASANG/TERKIRIM","TERPASANG/TERKIRIM","PENGIRIMAN","TERPASANG/TERKIRIM","TERPASANG/TERKIRIM","TERPASANG/TERKIRIM","TERPASANG/TERKIRIM","TIBA DILOKASI","TRANSIT","TRANSIT","","PENGIRIMAN","",""
"119","TERPASANG/TERKIRIM","TIBA DILOKASI","TIBA DILOKASI","TERPASANG/TERKIRIM","TERPASANG/TERKIRIM","PENGIRIMAN","TERPASANG/TERKIRIM","TERPASANG/TERKIRIM","TERPASANG/TERKIRIM","TERPASANG/TERKIRIM","TIBA DILOKASI","TRANSIT","TRANSIT","","PENGIRIMAN","",""
"120","TERPASANG/TERKIRIM","TIBA DILOKASI","TIBA DILOKASI","TERPASANG/TERKIRIM","TERPASANG/TERKIRIM","TERPASANG/TERKIRIM","TERPASANG/TERKIRIM","TRANSIT","TERPASANG/TERKIRIM","TERPASANG/TERKIRIM","TIBA DILOKASI","TRANSIT","TRANSIT","","PENGIRIMAN","",""
"121","TERPASANG/TERKIRIM","TIBA DILOKASI","TIBA DILOKASI","TERPASANG/TERKIRIM","TERPASANG/TERKIRIM","TERPASANG/TERKIRIM","TERPASANG/TERKIRIM","PENGIRIMAN","TERPASANG/TERKIRIM","TERPASANG/TERKIRIM","TIBA DILOKASI","TRANSIT","TRANSIT","","PENGIRIMAN","",""
"122","TERPASANG/TERKIRIM","TIBA DILOKASI","TIBA DILOKASI","TERPASANG/TERKIRIM","TERPASANG/TERKIRIM","TERPASANG/TERKIRIM","TERPASANG/TERKIRIM","PENGIRIMAN","TERPASANG/TERKIRIM","TERPASANG/TERKIRIM","TIBA DILOKASI","TRANSIT","TRANSIT","","PENGIRIMAN","",""
"123","TERPASANG/TERKIRIM","TIBA DILOKASI","TIBA DILOKASI","TERPASANG/TERKIRIM","TERPASANG/TERKIRIM","TERPASANG/TERKIRIM","TERPASANG/TERKIRIM","TERPASANG/TERKIRIM","TERPASANG/TERKIRIM","TERPASANG/TERKIRIM","TIBA DILOKASI","TRANSIT","TRANSIT","","PENGIRIMAN","",""
"124","TERPASANG/TERKIRIM","TIBA DILOKASI","TIBA DILOKASI","TERPASANG/TERKIRIM","TERPASANG/TERKIRIM","TERPASANG/TERKIRIM","TERPASANG/TERKIRIM","TERPASANG/TERKIRIM","TERPASANG/TERKIRIM","TERPASANG/TERKIRIM","TIBA DILOKASI","TRANSIT","TRANSIT","","PENGIRIMAN","",""
"125","TERPASANG/TERKIRIM","TIBA DILOKASI","TIBA DILOKASI","TERPASANG/TERKIRIM","TERPASANG/TERKIRIM","PENGIRIMAN","TERPASANG/TERKIRIM","TERPASANG/TERKIRIM","TERPASANG/TERKIRIM","TERPASANG/TERKIRIM","TIBA DILOKASI","TRANSIT","TRANSIT","","PENGIRIMAN","",""
"126","TERPASANG/TERKIRIM","TIBA DILOKASI","TIBA DILOKASI","TERPASANG/TERKIRIM","TERPASANG/TERKIRIM","TERPASANG/TERKIRIM","TERPASANG/TERKIRIM","TERPASANG/TERKIRIM","TERPASANG/TERKIRIM","TERPASANG/TERKIRIM","TIBA DILOKASI","TRANSIT","TRANSIT","","PENGIRIMAN","",""
"127","TERPASANG/TERKIRIM","TIBA DILOKASI","TIBA DILOKASI","TERPASANG/TERKIRIM","TERPASANG/TERKIRIM","PENGIRIMAN","TERPASANG/TERKIRIM","TERPASANG/TERKIRIM","TERPASANG/TERKIRIM","TERPASANG/TERKIRIM","TIBA DILOKASI","TRANSIT","TRANSIT","","PENGIRIMAN","",""
"128","TERPASANG/TERKIRIM","TIBA DILOKASI","TIBA DILOKASI","TERPASANG/TERKIRIM","TERPASANG/TERKIRIM","PENGIRIMAN","TERPASANG/TERKIRIM","TRANSIT","TERPASANG/TERKIRIM","TERPASANG/TERKIRIM","TIBA DILOKASI","TRANSIT","TRANSIT","","PENGIRIMAN","",""
"129","TERPASANG/TERKIRIM","TIBA DILOKASI","TIBA DILOKASI","TERPASANG/TERKIRIM","TERPASANG/TERKIRIM","TERPASANG/TERKIRIM","TERPASANG/TERKIRIM","TERPASANG/TERKIRIM","TERPASANG/TERKIRIM","TERPASANG/TERKIRIM","TIBA DILOKASI","TRANSIT","TRANSIT","","PENGIRIMAN","",""
"130","TERPASANG/TERKIRIM","TIBA DILOKASI","TIBA DILOKASI","TERPASANG/TERKIRIM","TERPASANG/TERKIRIM","PENGIRIMAN","TERPASANG/TERKIRIM","TERPASANG/TERKIRIM","TERPASANG/TERKIRIM","TERPASANG/TERKIRIM","TIBA DILOKASI","TRANSIT","TRANSIT","","PENGIRIMAN","",""
"131","TERPASANG/TERKIRIM","TIBA DILOKASI","TIBA DILOKASI","TERPASANG/TERKIRIM","TERPASANG/TERKIRIM","TERPASANG/TERKIRIM","TERPASANG/TERKIRIM","TERPASANG/TERKIRIM","TERPASANG/TERKIRIM","TERPASANG/TERKIRIM","TIBA DILOKASI","TRANSIT","TRANSIT","","PENGIRIMAN","",""
"132","TERPASANG/TERKIRIM","TIBA DILOKASI","TIBA DILOKASI","TERPASANG/TERKIRIM","TERPASANG/TERKIRIM","TERPASANG/TERKIRIM","TERPASANG/TERKIRIM","PENGIRIMAN","TRANSIT","TERPASANG/TERKIRIM","TIBA DILOKASI","TRANSIT","TRANSIT","","PENGIRIMAN","",""
"133","TERPASANG/TERKIRIM","TIBA DILOKASI","TIBA DILOKASI","TERPASANG/TERKIRIM","TERPASANG/TERKIRIM","PENGIRIMAN","TERPASANG/TERKIRIM","PENGIRIMAN","TERPASANG/TERKIRIM","TERPASANG/TERKIRIM","TIBA DILOKASI","TRANSIT","TRANSIT","","PENGIRIMAN","",""
"134","TERPASANG/TERKIRIM","TIBA DILOKASI","TIBA DILOKASI","TERPASANG/TERKIRIM","TERPASANG/TERKIRIM","PENGIRIMAN","TERPASANG/TERKIRIM","PENGIRIMAN","TERPASANG/TERKIRIM","TERPASANG/TERKIRIM","TIBA DILOKASI","TRANSIT","TRANSIT","","PENGIRIMAN","",""
"135","TERPASANG/TERKIRIM","TIBA DILOKASI","TIBA DILOKASI","TERPASANG/TERKIRIM","TERPASANG/TERKIRIM","TERPASANG/TERKIRIM","TERPASANG/TERKIRIM","TERPASANG/TERKIRIM","TERPASANG/TERKIRIM","TERPASANG/TERKIRIM","TIBA DILOKASI","TRANSIT","TRANSIT","","PENGIRIMAN","",""
"136","TERPASANG/TERKIRIM","TIBA DILOKASI","TIBA DILOKASI","TERPASANG/TERKIRIM","TERPASANG/TERKIRIM","TERPASANG/TERKIRIM","TERPASANG/TERKIRIM","TERPASANG/TERKIRIM","TERPASANG/TERKIRIM","TERPASANG/TERKIRIM","TIBA DILOKASI","TRANSIT","TRANSIT","","PENGIRIMAN","",""
"137","TERPASANG/TERKIRIM","TIBA DILOKASI","TIBA DILOKASI","TERPASANG/TERKIRIM","TERPASANG/TERKIRIM","TERPASANG/TERKIRIM","TERPASANG/TERKIRIM","TERPASANG/TERKIRIM","TERPASANG/TERKIRIM","TERPASANG/TERKIRIM","TIBA DILOKASI","TRANSIT","TRANSIT","","PENGIRIMAN","",""
"138","TERPASANG/TERKIRIM","TIBA DILOKASI","TIBA DILOKASI","TERPASANG/TERKIRIM","TERPASANG/TERKIRIM","PENGIRIMAN","TERPASANG/TERKIRIM","TERPASANG/TERKIRIM","TERPASANG/TERKIRIM","TERPASANG/TERKIRIM","TIBA DILOKASI","TRANSIT","TRANSIT","","PENGIRIMAN","",""
"139","TERPASANG/TERKIRIM","TIBA DILOKASI","TIBA DILOKASI","TERPASANG/TERKIRIM","TERPASANG/TERKIRIM","PENGIRIMAN","TERPASANG/TERKIRIM","TERPASANG/TERKIRIM","TERPASANG/TERKIRIM","TERPASANG/TERKIRIM","TIBA DILOKASI","TRANSIT","TRANSIT","","PENGIRIMAN","",""
"140","TERPASANG/TERKIRIM","TRANSIT","TRANSIT","TERPASANG/TERKIRIM","TERPASANG/TERKIRIM","PENGIRIMAN","TERPASANG/TERKIRIM","TRANSIT","TERPASANG/TERKIRIM","TERPASANG/TERKIRIM","TIBA DILOKASI","TRANSIT","TRANSIT","","PENGIRIMAN","",""
"141","TERPASANG/TERKIRIM","TIBA DILOKASI","TIBA DILOKASI","TERPASANG/TERKIRIM","TERPASANG/TERKIRIM","PENGIRIMAN","TERPASANG/TERKIRIM","TRANSIT","TERPASANG/TERKIRIM","TERPASANG/TERKIRIM","TIBA DILOKASI","TRANSIT","TRANSIT","","PENGIRIMAN","",""
"142","TERPASANG/TERKIRIM","TIBA DILOKASI","TIBA DILOKASI","TERPASANG/TERKIRIM","TERPASANG/TERKIRIM","PENGIRIMAN","TERPASANG/TERKIRIM","TERPASANG/TERKIRIM","TERPASANG/TERKIRIM","TERPASANG/TERKIRIM","TIBA DILOKASI","TRANSIT","TRANSIT","","PENGIRIMAN","",""
"143","TERPASANG/TERKIRIM","TIBA DILOKASI","TIBA DILOKASI","TERPASANG/TERKIRIM","TERPASANG/TERKIRIM","PENGIRIMAN","TERPASANG/TERKIRIM","TERPASANG/TERKIRIM","TERPASANG/TERKIRIM","TERPASANG/TERKIRIM","TIBA DILOKASI","TRANSIT","TRANSIT","","PENGIRIMAN","",""
"144","TERPASANG/TERKIRIM","TIBA DILOKASI","TIBA DILOKASI","TERPASANG/TERKIRIM","TERPASANG/TERKIRIM","PENGIRIMAN","TERPASANG/TERKIRIM","TERPASANG/TERKIRIM","TERPASANG/TERKIRIM","TERPASANG/TERKIRIM","TIBA DILOKASI","TRANSIT","TRANSIT","","PENGIRIMAN","",""
"145","","","","","","","","","","","","","","","","",""
"146","TERPASANG/TERKIRIM","TIBA DILOKASI","TIBA DILOKASI","TERPASANG/TERKIRIM","TERPASANG/TERKIRIM","TERPASANG/TERKIRIM","TERPASANG/TERKIRIM","TERPASANG/TERKIRIM","TERPASANG/TERKIRIM","TERPASANG/TERKIRIM","TIBA DILOKASI","TRANSIT","TRANSIT","","PENGIRIMAN","",""
"147","TERPASANG/TERKIRIM","TIBA DILOKASI","TIBA DILOKASI","TERPASANG/TERKIRIM","TERPASANG/TERKIRIM","TERPASANG/TERKIRIM","TERPASANG/TERKIRIM","TERPASANG/TERKIRIM","TERPASANG/TERKIRIM","TERPASANG/TERKIRIM","TIBA DILOKASI","TRANSIT","TRANSIT","","PENGIRIMAN","",""
"148","TERPASANG/TERKIRIM","TIBA DILOKASI","TIBA DILOKASI","TERPASANG/TERKIRIM","TERPASANG/TERKIRIM","","TERPASANG/TERKIRIM","TERPASANG/TERKIRIM","TERPASANG/TERKIRIM","TERPASANG/TERKIRIM","TIBA DILOKASI","TRANSIT","TRANSIT","","PENGIRIMAN","",""
"149","","","","","","","","","","","","","","","","",""
"150","TERPASANG/TERKIRIM","TIBA DILOKASI","TIBA DILOKASI","TERPASANG/TERKIRIM","TERPASANG/TERKIRIM","","TERPASANG/TERKIRIM","TRANSIT","TERPASANG/TERKIRIM","TERPASANG/TERKIRIM","TIBA DILOKASI","TRANSIT","TRANSIT","","PENGIRIMAN","",""
"151","TERPASANG/TERKIRIM","TIBA DILOKASI","TIBA DILOKASI","TERPASANG/TERKIRIM","TERPASANG/TERKIRIM","","TERPASANG/TERKIRIM","TRANSIT","TRANSIT","TERPASANG/TERKIRIM","TIBA DILOKASI","TRANSIT","TRANSIT","","PENGIRIMAN","",""
"152","TERPASANG/TERKIRIM","TIBA DILOKASI","TIBA DILOKASI","TERPASANG/TERKIRIM","TERPASANG/TERKIRIM","","TERPASANG/TERKIRIM","TERPASANG/TERKIRIM","TERPASANG/TERKIRIM","TERPASANG/TERKIRIM","TIBA DILOKASI","TRANSIT","TRANSIT","","PENGIRIMAN","",""
"153","TERPASANG/TERKIRIM","TIBA DILOKASI","TIBA DILOKASI","TERPASANG/TERKIRIM","TERPASANG/TERKIRIM","","TERPASANG/TERKIRIM","TERPASANG/TERKIRIM","TERPASANG/TERKIRIM","TERPASANG/TERKIRIM","TIBA DILOKASI","TRANSIT","TRANSIT","","PENGIRIMAN","",""
"154","TERPASANG/TERKIRIM","TIBA DILOKASI","TIBA DILOKASI","TERPASANG/TERKIRIM","TERPASANG/TERKIRIM","","TERPASANG/TERKIRIM","TRANSIT","TERPASANG/TERKIRIM","TERPASANG/TERKIRIM","TIBA DILOKASI","TRANSIT","TRANSIT","","PENGIRIMAN","",""
"155","TERPASANG/TERKIRIM","TIBA DILOKASI","TIBA DILOKASI","TERPASANG/TERKIRIM","TERPASANG/TERKIRIM","","TERPASANG/TERKIRIM","TERPASANG/TERKIRIM","TERPASANG/TERKIRIM","TERPASANG/TERKIRIM","TIBA DILOKASI","TRANSIT","TRANSIT","","PENGIRIMAN","",""
"156","TERPASANG/TERKIRIM","TIBA DILOKASI","TIBA DILOKASI","TERPASANG/TERKIRIM","TERPASANG/TERKIRIM","","TERPASANG/TERKIRIM","TERPASANG/TERKIRIM","TERPASANG/TERKIRIM","TERPASANG/TERKIRIM","TIBA DILOKASI","TRANSIT","TRANSIT","","PENGIRIMAN","",""
"157","TERPASANG/TERKIRIM","TIBA DILOKASI","TIBA DILOKASI","TERPASANG/TERKIRIM","TERPASANG/TERKIRIM","","TERPASANG/TERKIRIM","TERPASANG/TERKIRIM","TERPASANG/TERKIRIM","TERPASANG/TERKIRIM","TIBA DILOKASI","TRANSIT","TRANSIT","","PENGIRIMAN","",""
"158","TERPASANG/TERKIRIM","TIBA DILOKASI","TIBA DILOKASI","TERPASANG/TERKIRIM","TERPASANG/TERKIRIM","","TERPASANG/TERKIRIM","TERPASANG/TERKIRIM","TERPASANG/TERKIRIM","TERPASANG/TERKIRIM","TIBA DILOKASI","TRANSIT","TRANSIT","","PENGIRIMAN","",""
"159","TERPASANG/TERKIRIM","TIBA DILOKASI","TIBA DILOKASI","TERPASANG/TERKIRIM","TERPASANG/TERKIRIM","","TERPASANG/TERKIRIM","TERPASANG/TERKIRIM","TERPASANG/TERKIRIM","TERPASANG/TERKIRIM","TIBA DILOKASI","TRANSIT","TRANSIT","","PENGIRIMAN","",""
"160","TERPASANG/TERKIRIM","TRANSIT","TRANSIT","TERPASANG/TERKIRIM","TERPASANG/TERKIRIM","","TERPASANG/TERKIRIM","TRANSIT","TRANSIT","TERPASANG/TERKIRIM","TIBA DILOKASI","TRANSIT","","","PENGIRIMAN","",""
"161","TERPASANG/TERKIRIM","TIBA DILOKASI","TIBA DILOKASI","TERPASANG/TERKIRIM","TERPASANG/TERKIRIM","","TERPASANG/TERKIRIM","TERPASANG/TERKIRIM","TERPASANG/TERKIRIM","TERPASANG/TERKIRIM","TIBA DILOKASI","TRANSIT","","","PENGIRIMAN","",""
"162","TERPASANG/TERKIRIM","TIBA DILOKASI","TIBA DILOKASI","TERPASANG/TERKIRIM","TERPASANG/TERKIRIM","","TERPASANG/TERKIRIM","TERPASANG/TERKIRIM","TERPASANG/TERKIRIM","TERPASANG/TERKIRIM","TIBA DILOKASI","TRANSIT","","","PENGIRIMAN","",""
"163","TERPASANG/TERKIRIM","TIBA DILOKASI","TIBA DILOKASI","TERPASANG/TERKIRIM","TERPASANG/TERKIRIM","","TERPASANG/TERKIRIM","TERPASANG/TERKIRIM","TERPASANG/TERKIRIM","TERPASANG/TERKIRIM","TIBA DILOKASI","TRANSIT","","","PENGIRIMAN","",""
"164","TERPASANG/TERKIRIM","TIBA DILOKASI","TIBA DILOKASI","TERPASANG/TERKIRIM","TERPASANG/TERKIRIM","","TERPASANG/TERKIRIM","TERPASANG/TERKIRIM","TERPASANG/TERKIRIM","TERPASANG/TERKIRIM","TIBA DILOKASI","TRANSIT","","","PENGIRIMAN","",""
"165","TERPASANG/TERKIRIM","TIBA DILOKASI","TIBA DILOKASI","TERPASANG/TERKIRIM","TERPASANG/TERKIRIM","","TERPASANG/TERKIRIM","TRANSIT","TERPASANG/TERKIRIM","TERPASANG/TERKIRIM","TIBA DILOKASI","TRANSIT","","","PENGIRIMAN","",""
"166","TERPASANG/TERKIRIM","TIBA DILOKASI","TIBA DILOKASI","TERPASANG/TERKIRIM","TERPASANG/TERKIRIM","","TERPASANG/TERKIRIM","TRANSIT","TERPASANG/TERKIRIM","TERPASANG/TERKIRIM","TIBA DILOKASI","TRANSIT","","","PENGIRIMAN","",""
"167","TERPASANG/TERKIRIM","TIBA DILOKASI","TIBA DILOKASI","TERPASANG/TERKIRIM","TERPASANG/TERKIRIM","","TERPASANG/TERKIRIM","TRANSIT","TERPASANG/TERKIRIM","TERPASANG/TERKIRIM","TIBA DILOKASI","TRANSIT","","","PENGIRIMAN","",""
"168","TERPASANG/TERKIRIM","TIBA DILOKASI","TIBA DILOKASI","TERPASANG/TERKIRIM","TERPASANG/TERKIRIM","","TERPASANG/TERKIRIM","TRANSIT","TERPASANG/TERKIRIM","TERPASANG/TERKIRIM","TIBA DILOKASI","TRANSIT","","","PENGIRIMAN","",""
"169","TERPASANG/TERKIRIM","TIBA DILOKASI","TIBA DILOKASI","TERPASANG/TERKIRIM","TERPASANG/TERKIRIM","","TERPASANG/TERKIRIM","TRANSIT","TERPASANG/TERKIRIM","TERPASANG/TERKIRIM","TIBA DILOKASI","TRANSIT","","","PENGIRIMAN","",""
"170","TERPASANG/TERKIRIM","TIBA DILOKASI","TIBA DILOKASI","TERPASANG/TERKIRIM","TERPASANG/TERKIRIM","","TERPASANG/TERKIRIM","TRANSIT","TERPASANG/TERKIRIM","TERPASANG/TERKIRIM","TIBA DILOKASI","TRANSIT","","","PENGIRIMAN","",""
"171","TERPASANG/TERKIRIM","TIBA DILOKASI","TIBA DILOKASI","TERPASANG/TERKIRIM","TERPASANG/TERKIRIM","","TERPASANG/TERKIRIM","TERPASANG/TERKIRIM","TERPASANG/TERKIRIM","TERPASANG/TERKIRIM","TIBA DILOKASI","TRANSIT","","","PENGIRIMAN","",""
"172","TERPASANG/TERKIRIM","TRANSIT","TRANSIT","TERPASANG/TERKIRIM","TERPASANG/TERKIRIM","","TERPASANG/TERKIRIM","TERPASANG/TERKIRIM","TERPASANG/TERKIRIM","TERPASANG/TERKIRIM","TIBA DILOKASI","TRANSIT","","","PENGIRIMAN","",""
"173","TERPASANG/TERKIRIM","TRANSIT","TRANSIT","TERPASANG/TERKIRIM","TERPASANG/TERKIRIM","","TERPASANG/TERKIRIM","TERPASANG/TERKIRIM","TERPASANG/TERKIRIM","TERPASANG/TERKIRIM","TIBA DILOKASI","TRANSIT","","","PENGIRIMAN","",""
"174","TERPASANG/TERKIRIM","TRANSIT","TRANSIT","TERPASANG/TERKIRIM","TERPASANG/TERKIRIM","","TERPASANG/TERKIRIM","TERPASANG/TERKIRIM","TERPASANG/TERKIRIM","TERPASANG/TERKIRIM","TIBA DILOKASI","TRANSIT","","","PENGIRIMAN","",""
"175","TERPASANG/TERKIRIM","TRANSIT","TRANSIT","TERPASANG/TERKIRIM","TERPASANG/TERKIRIM","","TERPASANG/TERKIRIM","TERPASANG/TERKIRIM","TERPASANG/TERKIRIM","TERPASANG/TERKIRIM","TIBA DILOKASI","TRANSIT","","","PENGIRIMAN","",""
"176","TERPASANG/TERKIRIM","TIBA DILOKASI","TIBA DILOKASI","TERPASANG/TERKIRIM","TERPASANG/TERKIRIM","","TERPASANG/TERKIRIM","TERPASANG/TERKIRIM","TERPASANG/TERKIRIM","TERPASANG/TERKIRIM","TIBA DILOKASI","TRANSIT","","","PENGIRIMAN","",""
"177","","","","","","","","","","","","","","","","",""
"178","TERPASANG/TERKIRIM","TIBA DILOKASI","TIBA DILOKASI","TERPASANG/TERKIRIM","TERPASANG/TERKIRIM","","TERPASANG/TERKIRIM","TERPASANG/TERKIRIM","TERPASANG/TERKIRIM","TERPASANG/TERKIRIM","TIBA DILOKASI","TRANSIT","","","PENGIRIMAN","",""
"179","TERPASANG/TERKIRIM","TIBA DILOKASI","TIBA DILOKASI","TERPASANG/TERKIRIM","TERPASANG/TERKIRIM","","TERPASANG/TERKIRIM","TERPASANG/TERKIRIM","TERPASANG/TERKIRIM","TERPASANG/TERKIRIM","TIBA DILOKASI","TRANSIT","","","PENGIRIMAN","",""
"180","TERPASANG/TERKIRIM","TRANSIT","TRANSIT","TERPASANG/TERKIRIM","TERPASANG/TERKIRIM","","TERPASANG/TERKIRIM","PENGIRIMAN","TERPASANG/TERKIRIM","TERPASANG/TERKIRIM","TIBA DILOKASI","TRANSIT","","","PENGIRIMAN","",""
"181","TERPASANG/TERKIRIM","TIBA DILOKASI","TIBA DILOKASI","TERPASANG/TERKIRIM","TERPASANG/TERKIRIM","","TERPASANG/TERKIRIM","TERPASANG/TERKIRIM","TERPASANG/TERKIRIM","TERPASANG/TERKIRIM","TIBA DILOKASI","TRANSIT","","","PENGIRIMAN","",""
"182","TERPASANG/TERKIRIM","TIBA DILOKASI","TIBA DILOKASI","TERPASANG/TERKIRIM","TERPASANG/TERKIRIM","","TERPASANG/TERKIRIM","PENGIRIMAN","TERPASANG/TERKIRIM","TERPASANG/TERKIRIM","TIBA DILOKASI","TRANSIT","","","PENGIRIMAN","",""
"183","TERPASANG/TERKIRIM","TIBA DILOKASI","TIBA DILOKASI","TERPASANG/TERKIRIM","TERPASANG/TERKIRIM","","TERPASANG/TERKIRIM","PENGIRIMAN","TERPASANG/TERKIRIM","TERPASANG/TERKIRIM","TIBA DILOKASI","TRANSIT","","","PENGIRIMAN","",""
"184","TERPASANG/TERKIRIM","TIBA DILOKASI","TIBA DILOKASI","TERPASANG/TERKIRIM","TERPASANG/TERKIRIM","","TERPASANG/TERKIRIM","PENGIRIMAN","TERPASANG/TERKIRIM","TERPASANG/TERKIRIM","TIBA DILOKASI","TRANSIT","","","PENGIRIMAN","",""
"185","TERPASANG/TERKIRIM","TRANSIT","TRANSIT","TERPASANG/TERKIRIM","TERPASANG/TERKIRIM","","TERPASANG/TERKIRIM","TERPASANG/TERKIRIM","TERPASANG/TERKIRIM","TERPASANG/TERKIRIM","TIBA DILOKASI","TRANSIT","","","PENGIRIMAN","",""
"186","TERPASANG/TERKIRIM","TRANSIT","TRANSIT","TERPASANG/TERKIRIM","TERPASANG/TERKIRIM","","TERPASANG/TERKIRIM","PENGIRIMAN","TERPASANG/TERKIRIM","TERPASANG/TERKIRIM","TIBA DILOKASI","TRANSIT","","","PENGIRIMAN","",""
"187","TERPASANG/TERKIRIM","TRANSIT","TRANSIT","TERPASANG/TERKIRIM","TERPASANG/TERKIRIM","","TERPASANG/TERKIRIM","PENGIRIMAN","TERPASANG/TERKIRIM","TERPASANG/TERKIRIM","TIBA DILOKASI","TRANSIT","","","PENGIRIMAN","",""
"188","TERPASANG/TERKIRIM","TRANSIT","TRANSIT","TERPASANG/TERKIRIM","TERPASANG/TERKIRIM","","TERPASANG/TERKIRIM","PENGIRIMAN","TERPASANG/TERKIRIM","TERPASANG/TERKIRIM","TIBA DILOKASI","TRANSIT","","","PENGIRIMAN","",""
"189","TERPASANG/TERKIRIM","TIBA DILOKASI","TIBA DILOKASI","TERPASANG/TERKIRIM","TERPASANG/TERKIRIM","","TERPASANG/TERKIRIM","TERPASANG/TERKIRIM","TERPASANG/TERKIRIM","TERPASANG/TERKIRIM","TIBA DILOKASI","TRANSIT","","","PENGIRIMAN","",""
"190","TERPASANG/TERKIRIM","TIBA DILOKASI","TIBA DILOKASI","TERPASANG/TERKIRIM","TERPASANG/TERKIRIM","TERPASANG/TERKIRIM","TERPASANG/TERKIRIM","PENGIRIMAN","TRANSIT","TERPASANG/TERKIRIM","TIBA DILOKASI","TRANSIT","","","PENGIRIMAN","",""
"191","TERPASANG/TERKIRIM","TIBA DILOKASI","TIBA DILOKASI","TERPASANG/TERKIRIM","TERPASANG/TERKIRIM","","TERPASANG/TERKIRIM","PENGIRIMAN","TERPASANG/TERKIRIM","TERPASANG/TERKIRIM","TIBA DILOKASI","TRANSIT","","","PENGIRIMAN","",""
"192","TERPASANG/TERKIRIM","TIBA DILOKASI","TIBA DILOKASI","TERPASANG/TERKIRIM","TERPASANG/TERKIRIM","","TERPASANG/TERKIRIM","PENGIRIMAN","TRANSIT","TERPASANG/TERKIRIM","TIBA DILOKASI","TRANSIT","","","PENGIRIMAN","",""
"193","TERPASANG/TERKIRIM","TIBA DILOKASI","TIBA DILOKASI","TERPASANG/TERKIRIM","TERPASANG/TERKIRIM","","TERPASANG/TERKIRIM","PENGIRIMAN","TERPASANG/TERKIRIM","TERPASANG/TERKIRIM","TIBA DILOKASI","TRANSIT","","","PENGIRIMAN","",""
"194","TERPASANG/TERKIRIM","TIBA DILOKASI","TIBA DILOKASI","TERPASANG/TERKIRIM","TERPASANG/TERKIRIM","","TERPASANG/TERKIRIM","PENGIRIMAN","TERPASANG/TERKIRIM","TERPASANG/TERKIRIM","TIBA DILOKASI","TRANSIT","","","PENGIRIMAN","",""
"195","TERPASANG/TERKIRIM","TIBA DILOKASI","TIBA DILOKASI","TERPASANG/TERKIRIM","TERPASANG/TERKIRIM","","TERPASANG/TERKIRIM","PENGIRIMAN","TERPASANG/TERKIRIM","TERPASANG/TERKIRIM","TIBA DILOKASI","TRANSIT","","","PENGIRIMAN","",""
"196","TERPASANG/TERKIRIM","TIBA DILOKASI","TIBA DILOKASI","TERPASANG/TERKIRIM","PENGIRIMAN","TERPASANG/TERKIRIM","TERPASANG/TERKIRIM","TERPASANG/TERKIRIM","TERPASANG/TERKIRIM","TERPASANG/TERKIRIM","TIBA DILOKASI","TRANSIT","TRANSIT","","TRANSIT","",""
"197","TERPASANG/TERKIRIM","TIBA DILOKASI","TIBA DILOKASI","TERPASANG/TERKIRIM","PENGIRIMAN","TERPASANG/TERKIRIM","TERPASANG/TERKIRIM","TERPASANG/TERKIRIM","TERPASANG/TERKIRIM","TERPASANG/TERKIRIM","TIBA DILOKASI","TRANSIT","TRANSIT","","TRANSIT","",""
"198","TERPASANG/TERKIRIM","TIBA DILOKASI","TIBA DILOKASI","TERPASANG/TERKIRIM","PENGIRIMAN","TERPASANG/TERKIRIM","TERPASANG/TERKIRIM","TIBA DILOKASI","TERPASANG/TERKIRIM","TERPASANG/TERKIRIM","TIBA DILOKASI","TRANSIT","TRANSIT","","TRANSIT","",""
"199","TERPASANG/TERKIRIM","TIBA DILOKASI","TIBA DILOKASI","TERPASANG/TERKIRIM","PENGIRIMAN","TERPASANG/TERKIRIM","TERPASANG/TERKIRIM","TERPASANG/TERKIRIM","TERPASANG/TERKIRIM","TERPASANG/TERKIRIM","TIBA DILOKASI","TRANSIT","TRANSIT","","TRANSIT","",""
"200","TERPASANG/TERKIRIM","TIBA DILOKASI","TIBA DILOKASI","TERPASANG/TERKIRIM","PENGIRIMAN","TERPASANG/TERKIRIM","TERPASANG/TERKIRIM","TIBA DILOKASI","TERPASANG/TERKIRIM","TERPASANG/TERKIRIM","TIBA DILOKASI","TRANSIT","TRANSIT","","TRANSIT","",""
"201","TERPASANG/TERKIRIM","TIBA DILOKASI","TIBA DILOKASI","TERPASANG/TERKIRIM","PENGIRIMAN","TERPASANG/TERKIRIM","TERPASANG/TERKIRIM","TERPASANG/TERKIRIM","TERPASANG/TERKIRIM","TERPASANG/TERKIRIM","TIBA DILOKASI","TRANSIT","TRANSIT","","TRANSIT","",""
"202","TERPASANG/TERKIRIM","TIBA DILOKASI","TIBA DILOKASI","TERPASANG/TERKIRIM","PENGIRIMAN","TERPASANG/TERKIRIM","TERPASANG/TERKIRIM","TERPASANG/TERKIRIM","TERPASANG/TERKIRIM","TERPASANG/TERKIRIM","TIBA DILOKASI","TRANSIT","TRANSIT","","TRANSIT","",""
"203","TERPASANG/TERKIRIM","TIBA DILOKASI","TIBA DILOKASI","TERPASANG/TERKIRIM","PENGIRIMAN","TERPASANG/TERKIRIM","TERPASANG/TERKIRIM","TERPASANG/TERKIRIM","TERPASANG/TERKIRIM","TERPASANG/TERKIRIM","TIBA DILOKASI","TRANSIT","TRANSIT","","TRANSIT","",""
"204","TERPASANG/TERKIRIM","TIBA DILOKASI","TIBA DILOKASI","TERPASANG/TERKIRIM","PENGIRIMAN","TERPASANG/TERKIRIM","TERPASANG/TERKIRIM","TIBA DILOKASI","TERPASANG/TERKIRIM","TERPASANG/TERKIRIM","TIBA DILOKASI","TRANSIT","TRANSIT","","TRANSIT","",""
"205","TERPASANG/TERKIRIM","TIBA DILOKASI","TIBA DILOKASI","TERPASANG/TERKIRIM","PENGIRIMAN","PENGIRIMAN","TERPASANG/TERKIRIM","TIBA DILOKASI","TERPASANG/TERKIRIM","TERPASANG/TERKIRIM","TIBA DILOKASI","TRANSIT","TRANSIT","","TRANSIT","",""
"206","TERPASANG/TERKIRIM","TIBA DILOKASI","TIBA DILOKASI","TERPASANG/TERKIRIM","PENGIRIMAN","TERPASANG/TERKIRIM","TERPASANG/TERKIRIM","TIBA DILOKASI","TERPASANG/TERKIRIM","TERPASANG/TERKIRIM","TIBA DILOKASI","TRANSIT","TRANSIT","","TRANSIT","",""
"207","TERPASANG/TERKIRIM","TIBA DILOKASI","TIBA DILOKASI","TERPASANG/TERKIRIM","PENGIRIMAN","TERPASANG/TERKIRIM","TERPASANG/TERKIRIM","TERPASANG/TERKIRIM","TERPASANG/TERKIRIM","TERPASANG/TERKIRIM","TIBA DILOKASI","TRANSIT","TRANSIT","","TRANSIT","",""
"208","TERPASANG/TERKIRIM","TIBA DILOKASI","TIBA DILOKASI","TERPASANG/TERKIRIM","PENGIRIMAN","TERPASANG/TERKIRIM","TERPASANG/TERKIRIM","TIBA DILOKASI","TERPASANG/TERKIRIM","TERPASANG/TERKIRIM","TIBA DILOKASI","TRANSIT","TRANSIT","","TRANSIT","",""
"209","TERPASANG/TERKIRIM","TIBA DILOKASI","TIBA DILOKASI","TERPASANG/TERKIRIM","PENGIRIMAN","TERPASANG/TERKIRIM","TERPASANG/TERKIRIM","TIBA DILOKASI","TERPASANG/TERKIRIM","TERPASANG/TERKIRIM","TIBA DILOKASI","TRANSIT","TRANSIT","","TRANSIT","",""
"210","TERPASANG/TERKIRIM","TIBA DILOKASI","TIBA DILOKASI","TERPASANG/TERKIRIM","PENGIRIMAN","PENGIRIMAN","TERPASANG/TERKIRIM","TIBA DILOKASI","TERPASANG/TERKIRIM","TERPASANG/TERKIRIM","TIBA DILOKASI","TRANSIT","TRANSIT","","TRANSIT","",""
"211","TERPASANG/TERKIRIM","TIBA DILOKASI","TIBA DILOKASI","TERPASANG/TERKIRIM","PENGIRIMAN","TERPASANG/TERKIRIM","TERPASANG/TERKIRIM","TERPASANG/TERKIRIM","TERPASANG/TERKIRIM","TERPASANG/TERKIRIM","TIBA DILOKASI","TRANSIT","TRANSIT","","TRANSIT","",""
"212","TERPASANG/TERKIRIM","TIBA DILOKASI","TIBA DILOKASI","TERPASANG/TERKIRIM","PENGIRIMAN","TERPASANG/TERKIRIM","TERPASANG/TERKIRIM","TIBA DILOKASI","TERPASANG/TERKIRIM","TERPASANG/TERKIRIM","TIBA DILOKASI","TRANSIT","TRANSIT","","TRANSIT","",""
"213","TERPASANG/TERKIRIM","TIBA DILOKASI","TIBA DILOKASI","TERPASANG/TERKIRIM","PENGIRIMAN","TERPASANG/TERKIRIM","TERPASANG/TERKIRIM","TERPASANG/TERKIRIM","TERPASANG/TERKIRIM","TERPASANG/TERKIRIM","TIBA DILOKASI","TRANSIT","TRANSIT","","TRANSIT","",""
"214","TERPASANG/TERKIRIM","TIBA DILOKASI","TIBA DILOKASI","TERPASANG/TERKIRIM","PENGIRIMAN","TERPASANG/TERKIRIM","TERPASANG/TERKIRIM","TIBA DILOKASI","TERPASANG/TERKIRIM","TERPASANG/TERKIRIM","TIBA DILOKASI","TRANSIT","TRANSIT","","TRANSIT","",""
"215","TERPASANG/TERKIRIM","TIBA DILOKASI","TIBA DILOKASI","TERPASANG/TERKIRIM","PENGIRIMAN","TERPASANG/TERKIRIM","TERPASANG/TERKIRIM","TERPASANG/TERKIRIM","TERPASANG/TERKIRIM","TERPASANG/TERKIRIM","TIBA DILOKASI","TRANSIT","TRANSIT","","TRANSIT","",""
"216","TERPASANG/TERKIRIM","TIBA DILOKASI","TIBA DILOKASI","TERPASANG/TERKIRIM","PENGIRIMAN","PENGIRIMAN","TERPASANG/TERKIRIM","TIBA DILOKASI","TERPASANG/TERKIRIM","TERPASANG/TERKIRIM","TIBA DILOKASI","TRANSIT","TRANSIT","","TRANSIT","",""
"217","TERPASANG/TERKIRIM","TIBA DILOKASI","TIBA DILOKASI","TERPASANG/TERKIRIM","PENGIRIMAN","TERPASANG/TERKIRIM","TERPASANG/TERKIRIM","TERPASANG/TERKIRIM","TERPASANG/TERKIRIM","TERPASANG/TERKIRIM","TIBA DILOKASI","TRANSIT","TRANSIT","","TRANSIT","",""
"218","TERPASANG/TERKIRIM","TIBA DILOKASI","TIBA DILOKASI","TERPASANG/TERKIRIM","PENGIRIMAN","TERPASANG/TERKIRIM","TERPASANG/TERKIRIM","TERPASANG/TERKIRIM","TERPASANG/TERKIRIM","TERPASANG/TERKIRIM","TIBA DILOKASI","TRANSIT","TRANSIT","","TRANSIT","",""
"219","TERPASANG/TERKIRIM","TIBA DILOKASI","TIBA DILOKASI","TERPASANG/TERKIRIM","PENGIRIMAN","TERPASANG/TERKIRIM","TERPASANG/TERKIRIM","TERPASANG/TERKIRIM","TERPASANG/TERKIRIM","TERPASANG/TERKIRIM","TIBA DILOKASI","TRANSIT","TRANSIT","","TRANSIT","",""
"220","TERPASANG/TERKIRIM","TIBA DILOKASI","TIBA DILOKASI","TERPASANG/TERKIRIM","PENGIRIMAN","PENGIRIMAN","TERPASANG/TERKIRIM","TERPASANG/TERKIRIM","TERPASANG/TERKIRIM","TERPASANG/TERKIRIM","TIBA DILOKASI","TRANSIT","TRANSIT","","TRANSIT","",""
"221","TERPASANG/TERKIRIM","TIBA DILOKASI","TIBA DILOKASI","TERPASANG/TERKIRIM","PENGIRIMAN","TERPASANG/TERKIRIM","TERPASANG/TERKIRIM","TERPASANG/TERKIRIM","TERPASANG/TERKIRIM","TERPASANG/TERKIRIM","TIBA DILOKASI","TRANSIT","TRANSIT","","TRANSIT","",""
"222","TERPASANG/TERKIRIM","TIBA DILOKASI","TIBA DILOKASI","TERPASANG/TERKIRIM","PENGIRIMAN","","TERPASANG/TERKIRIM","TERPASANG/TERKIRIM","TERPASANG/TERKIRIM","TERPASANG/TERKIRIM","TIBA DILOKASI","TRANSIT","TRANSIT","","TRANSIT","",""
"223","TERPASANG/TERKIRIM","TIBA DILOKASI","TIBA DILOKASI","TERPASANG/TERKIRIM","PENGIRIMAN","","TERPASANG/TERKIRIM","TERPASANG/TERKIRIM","TERPASANG/TERKIRIM","TERPASANG/TERKIRIM","TIBA DILOKASI","TRANSIT","TRANSIT","","TRANSIT","",""
"224","TERPASANG/TERKIRIM","TIBA DILOKASI","TIBA DILOKASI","TERPASANG/TERKIRIM","PENGIRIMAN","","TERPASANG/TERKIRIM","TERPASANG/TERKIRIM","TERPASANG/TERKIRIM","TERPASANG/TERKIRIM","TIBA DILOKASI","TERPASANG/TERKIRIM","TRANSIT","","TRANSIT","",""
"225","TERPASANG/TERKIRIM","TIBA DILOKASI","TIBA DILOKASI","TERPASANG/TERKIRIM","PENGIRIMAN","","TERPASANG/TERKIRIM","TIBA DILOKASI","TERPASANG/TERKIRIM","TERPASANG/TERKIRIM","TIBA DILOKASI","TERPASANG/TERKIRIM","TRANSIT","","TRANSIT","",""
"226","TERPASANG/TERKIRIM","TIBA DILOKASI","TIBA DILOKASI","TERPASANG/TERKIRIM","PENGIRIMAN","TERPASANG/TERKIRIM","TERPASANG/TERKIRIM","TERPASANG/TERKIRIM","TERPASANG/TERKIRIM","TERPASANG/TERKIRIM","TIBA DILOKASI","TRANSIT","TRANSIT","","TRANSIT","",""
"227","TERPASANG/TERKIRIM","TIBA DILOKASI","TIBA DILOKASI","TERPASANG/TERKIRIM","PENGIRIMAN","TERPASANG/TERKIRIM","TERPASANG/TERKIRIM","TERPASANG/TERKIRIM","TERPASANG/TERKIRIM","TERPASANG/TERKIRIM","TIBA DILOKASI","TRANSIT","TRANSIT","","TRANSIT","",""
"228","TERPASANG/TERKIRIM","TIBA DILOKASI","TIBA DILOKASI","TERPASANG/TERKIRIM","PENGIRIMAN","TERPASANG/TERKIRIM","TERPASANG/TERKIRIM","TIBA DILOKASI","TERPASANG/TERKIRIM","TERPASANG/TERKIRIM","TIBA DILOKASI","TRANSIT","TRANSIT","","TRANSIT","",""
"229","TERPASANG/TERKIRIM","TIBA DILOKASI","TIBA DILOKASI","TERPASANG/TERKIRIM","PENGIRIMAN","TERPASANG/TERKIRIM","TERPASANG/TERKIRIM","TIBA DILOKASI","TERPASANG/TERKIRIM","TERPASANG/TERKIRIM","TIBA DILOKASI","TRANSIT","TRANSIT","","TRANSIT","",""
"230","TERPASANG/TERKIRIM","TIBA DILOKASI","TIBA DILOKASI","TERPASANG/TERKIRIM","PENGIRIMAN","","TERPASANG/TERKIRIM","TIBA DILOKASI","TERPASANG/TERKIRIM","TERPASANG/TERKIRIM","TIBA DILOKASI","TRANSIT","TRANSIT","","TRANSIT","",""
"231","TERPASANG/TERKIRIM","TIBA DILOKASI","TIBA DILOKASI","TERPASANG/TERKIRIM","PENGIRIMAN","","TERPASANG/TERKIRIM","TIBA DILOKASI","TERPASANG/TERKIRIM","TERPASANG/TERKIRIM","TIBA DILOKASI","TRANSIT","TRANSIT","","TRANSIT","",""
"232","TERPASANG/TERKIRIM","TIBA DILOKASI","TIBA DILOKASI","TERPASANG/TERKIRIM","PENGIRIMAN","","TERPASANG/TERKIRIM","TERPASANG/TERKIRIM","TERPASANG/TERKIRIM","TERPASANG/TERKIRIM","TIBA DILOKASI","TRANSIT","TRANSIT","","TRANSIT","",""
"233","TERPASANG/TERKIRIM","TIBA DILOKASI","TIBA DILOKASI","TERPASANG/TERKIRIM","PENGIRIMAN","","TERPASANG/TERKIRIM","TIBA DILOKASI","TERPASANG/TERKIRIM","TERPASANG/TERKIRIM","TIBA DILOKASI","TRANSIT","TRANSIT","","TRANSIT","",""
"234","TERPASANG/TERKIRIM","TIBA DILOKASI","TIBA DILOKASI","TERPASANG/TERKIRIM","PENGIRIMAN","","TERPASANG/TERKIRIM","TERPASANG/TERKIRIM","TERPASANG/TERKIRIM","TERPASANG/TERKIRIM","TIBA DILOKASI","TRANSIT","TRANSIT","","TRANSIT","",""
"235","TERPASANG/TERKIRIM","TIBA DILOKASI","TIBA DILOKASI","TERPASANG/TERKIRIM","PENGIRIMAN","TERPASANG/TERKIRIM","TERPASANG/TERKIRIM","TERPASANG/TERKIRIM","TERPASANG/TERKIRIM","TERPASANG/TERKIRIM","TIBA DILOKASI","TERPASANG/TERKIRIM","TRANSIT","","TRANSIT","",""
"236","TERPASANG/TERKIRIM","TIBA DILOKASI","TIBA DILOKASI","TERPASANG/TERKIRIM","PENGIRIMAN","TERPASANG/TERKIRIM","TERPASANG/TERKIRIM","TERPASANG/TERKIRIM","TERPASANG/TERKIRIM","TERPASANG/TERKIRIM","TIBA DILOKASI","TERPASANG/TERKIRIM","PENGIRIMAN","","TRANSIT","",""
"237","TERPASANG/TERKIRIM","TIBA DILOKASI","TIBA DILOKASI","TERPASANG/TERKIRIM","PENGIRIMAN","","TERPASANG/TERKIRIM","TERPASANG/TERKIRIM","TERPASANG/TERKIRIM","TERPASANG/TERKIRIM","TIBA DILOKASI","TERPASANG/TERKIRIM","PENGIRIMAN","","TRANSIT","",""
"238","TERPASANG/TERKIRIM","TIBA DILOKASI","TIBA DILOKASI","TERPASANG/TERKIRIM","PENGIRIMAN","","TERPASANG/TERKIRIM","TIBA DILOKASI","TERPASANG/TERKIRIM","TERPASANG/TERKIRIM","TIBA DILOKASI","TRANSIT","PENGIRIMAN","","TRANSIT","",""
"239","TERPASANG/TERKIRIM","TIBA DILOKASI","TIBA DILOKASI","TERPASANG/TERKIRIM","PENGIRIMAN","","TERPASANG/TERKIRIM","TERPASANG/TERKIRIM","TERPASANG/TERKIRIM","TERPASANG/TERKIRIM","TIBA DILOKASI","TRANSIT","PENGIRIMAN","","TRANSIT","",""
"240","TERPASANG/TERKIRIM","TIBA DILOKASI","TIBA DILOKASI","TERPASANG/TERKIRIM","PENGIRIMAN","","TERPASANG/TERKIRIM","TIBA DILOKASI","TERPASANG/TERKIRIM","TERPASANG/TERKIRIM","TIBA DILOKASI","TRANSIT","PENGIRIMAN","","TRANSIT","",""
"241","TERPASANG/TERKIRIM","TIBA DILOKASI","TIBA DILOKASI","TERPASANG/TERKIRIM","PENGIRIMAN","","TERPASANG/TERKIRIM","TERPASANG/TERKIRIM","TERPASANG/TERKIRIM","TERPASANG/TERKIRIM","TIBA DILOKASI","TRANSIT","PENGIRIMAN","","TRANSIT","",""
"242","TERPASANG/TERKIRIM","TIBA DILOKASI","TIBA DILOKASI","TERPASANG/TERKIRIM","PENGIRIMAN","","TERPASANG/TERKIRIM","TERPASANG/TERKIRIM","TERPASANG/TERKIRIM","TERPASANG/TERKIRIM","TIBA DILOKASI","TRANSIT","PENGIRIMAN","","TRANSIT","",""
"243","TERPASANG/TERKIRIM","TIBA DILOKASI","TIBA DILOKASI","TERPASANG/TERKIRIM","PENGIRIMAN","","TERPASANG/TERKIRIM","TIBA DILOKASI","TERPASANG/TERKIRIM","TERPASANG/TERKIRIM","TIBA DILOKASI","TRANSIT","PENGIRIMAN","","TRANSIT","",""
"244","TERPASANG/TERKIRIM","TIBA DILOKASI","TIBA DILOKASI","TERPASANG/TERKIRIM","PENGIRIMAN","TERPASANG/TERKIRIM","TERPASANG/TERKIRIM","TERPASANG/TERKIRIM","TERPASANG/TERKIRIM","TERPASANG/TERKIRIM","TIBA DILOKASI","TRANSIT","PENGIRIMAN","","TRANSIT","",""
"245","TERPASANG/TERKIRIM","TIBA DILOKASI","TIBA DILOKASI","TERPASANG/TERKIRIM","PENGIRIMAN","","TERPASANG/TERKIRIM","TERPASANG/TERKIRIM","TERPASANG/TERKIRIM","TERPASANG/TERKIRIM","TIBA DILOKASI","TRANSIT","PENGIRIMAN","","TRANSIT","",""
"246","TERPASANG/TERKIRIM","TIBA DILOKASI","TIBA DILOKASI","TERPASANG/TERKIRIM","PENGIRIMAN","","TERPASANG/TERKIRIM","TERPASANG/TERKIRIM","TERPASANG/TERKIRIM","TERPASANG/TERKIRIM","TIBA DILOKASI","TRANSIT","PENGIRIMAN","","TRANSIT","",""
"247","TERPASANG/TERKIRIM","TIBA DILOKASI","TIBA DILOKASI","TERPASANG/TERKIRIM","PENGIRIMAN","","TERPASANG/TERKIRIM","TERPASANG/TERKIRIM","TERPASANG/TERKIRIM","TERPASANG/TERKIRIM","TIBA DILOKASI","TRANSIT","PENGIRIMAN","","TRANSIT","",""
"248","TERPASANG/TERKIRIM","TIBA DILOKASI","TIBA DILOKASI","TERPASANG/TERKIRIM","PENGIRIMAN","","TERPASANG/TERKIRIM","TIBA DILOKASI","TERPASANG/TERKIRIM","TERPASANG/TERKIRIM","TIBA DILOKASI","TRANSIT","PENGIRIMAN","","TRANSIT","",""
"249","TERPASANG/TERKIRIM","TIBA DILOKASI","TIBA DILOKASI","TERPASANG/TERKIRIM","PENGIRIMAN","","TERPASANG/TERKIRIM","TERPASANG/TERKIRIM","TERPASANG/TERKIRIM","TERPASANG/TERKIRIM","TIBA DILOKASI","TRANSIT","PENGIRIMAN","","TRANSIT","",""
"250","TERPASANG/TERKIRIM","TIBA DILOKASI","TIBA DILOKASI","TERPASANG/TERKIRIM","PENGIRIMAN","","TERPASANG/TERKIRIM","TIBA DILOKASI","TIBA DILOKASI","TERPASANG/TERKIRIM","TIBA DILOKASI","TRANSIT","PENGIRIMAN","","TRANSIT","",""
"251","TERPASANG/TERKIRIM","TIBA DILOKASI","TIBA DILOKASI","TERPASANG/TERKIRIM","PENGIRIMAN","","TERPASANG/TERKIRIM","TIBA DILOKASI","TERPASANG/TERKIRIM","TERPASANG/TERKIRIM","TIBA DILOKASI","TRANSIT","PENGIRIMAN","","TRANSIT","",""
"252","TERPASANG/TERKIRIM","TIBA DILOKASI","TIBA DILOKASI","TERPASANG/TERKIRIM","PENGIRIMAN","","TERPASANG/TERKIRIM","TERPASANG/TERKIRIM","TERPASANG/TERKIRIM","TERPASANG/TERKIRIM","TIBA DILOKASI","TRANSIT","PENGIRIMAN","","TRANSIT","",""
"253","TERPASANG/TERKIRIM","TIBA DILOKASI","TIBA DILOKASI","TERPASANG/TERKIRIM","PENGIRIMAN","","TERPASANG/TERKIRIM","TIBA DILOKASI","TERPASANG/TERKIRIM","TERPASANG/TERKIRIM","TIBA DILOKASI","TRANSIT","PENGIRIMAN","","TRANSIT","",""
"254","TERPASANG/TERKIRIM","TIBA DILOKASI","TIBA DILOKASI","TERPASANG/TERKIRIM","PENGIRIMAN","","TERPASANG/TERKIRIM","TERPASANG/TERKIRIM","TERPASANG/TERKIRIM","TERPASANG/TERKIRIM","TIBA DILOKASI","TERPASANG/TERKIRIM","PENGIRIMAN","","TRANSIT","",""
"255","TERPASANG/TERKIRIM","TIBA DILOKASI","TIBA DILOKASI","TERPASANG/TERKIRIM","PENGIRIMAN","","TERPASANG/TERKIRIM","TERPASANG/TERKIRIM","TERPASANG/TERKIRIM","TERPASANG/TERKIRIM","TIBA DILOKASI","TRANSIT","PENGIRIMAN","","TRANSIT","",""
"256","TERPASANG/TERKIRIM","TIBA DILOKASI","TIBA DILOKASI","TERPASANG/TERKIRIM","PENGIRIMAN","","TERPASANG/TERKIRIM","TERPASANG/TERKIRIM","TERPASANG/TERKIRIM","TERPASANG/TERKIRIM","TIBA DILOKASI","TRANSIT","PENGIRIMAN","","TRANSIT","",""
"257","TERPASANG/TERKIRIM","TIBA DILOKASI","TIBA DILOKASI","TERPASANG/TERKIRIM","PENGIRIMAN","","TERPASANG/TERKIRIM","TERPASANG/TERKIRIM","TERPASANG/TERKIRIM","TERPASANG/TERKIRIM","PENGIRIMAN","TRANSIT","PENGIRIMAN","","TRANSIT","",""
"258","TERPASANG/TERKIRIM","TIBA DILOKASI","TIBA DILOKASI","TERPASANG/TERKIRIM","PENGIRIMAN","","TERPASANG/TERKIRIM","TERPASANG/TERKIRIM","TERPASANG/TERKIRIM","TERPASANG/TERKIRIM","TIBA DILOKASI","TRANSIT","PENGIRIMAN","","TRANSIT","",""
"259","TERPASANG/TERKIRIM","TIBA DILOKASI","TIBA DILOKASI","TERPASANG/TERKIRIM","PENGIRIMAN","","TERPASANG/TERKIRIM","TIBA DILOKASI","TERPASANG/TERKIRIM","TERPASANG/TERKIRIM","TIBA DILOKASI","TRANSIT","PENGIRIMAN","","TRANSIT","",""
"260","TERPASANG/TERKIRIM","TIBA DILOKASI","TIBA DILOKASI","TERPASANG/TERKIRIM","PENGIRIMAN","","TERPASANG/TERKIRIM","TIBA DILOKASI","TERPASANG/TERKIRIM","TERPASANG/TERKIRIM","TIBA DILOKASI","TRANSIT","PENGIRIMAN","","TRANSIT","",""
"261","TIBA DILOKASI","TIBA DILOKASI","TIBA DILOKASI","TERPASANG/TERKIRIM","PENGIRIMAN","","TERPASANG/TERKIRIM","TIBA DILOKASI","TIBA DILOKASI","TRANSIT","TIBA DILOKASI","TRANSIT","PENGIRIMAN","","TRANSIT","",""
"262","TERPASANG/TERKIRIM","TIBA DILOKASI","TIBA DILOKASI","TERPASANG/TERKIRIM","PENGIRIMAN","","TERPASANG/TERKIRIM","TERPASANG/TERKIRIM","TERPASANG/TERKIRIM","TERPASANG/TERKIRIM","TIBA DILOKASI","TRANSIT","PENGIRIMAN","","TRANSIT","",""
"263","TERPASANG/TERKIRIM","TIBA DILOKASI","TIBA DILOKASI","TERPASANG/TERKIRIM","PENGIRIMAN","","TERPASANG/TERKIRIM","TIBA DILOKASI","TERPASANG/TERKIRIM","TERPASANG/TERKIRIM","TIBA DILOKASI","TRANSIT","PENGIRIMAN","","TRANSIT","",""
"264","TERPASANG/TERKIRIM","TIBA DILOKASI","TIBA DILOKASI","TERPASANG/TERKIRIM","PENGIRIMAN","TERPASANG/TERKIRIM","TERPASANG/TERKIRIM","TIBA DILOKASI","TERPASANG/TERKIRIM","TERPASANG/TERKIRIM","TIBA DILOKASI","TRANSIT","PENGIRIMAN","","TRANSIT","",""
"265","TERPASANG/TERKIRIM","TIBA DILOKASI","TIBA DILOKASI","TERPASANG/TERKIRIM","PENGIRIMAN","","TERPASANG/TERKIRIM","TERPASANG/TERKIRIM","TERPASANG/TERKIRIM","TERPASANG/TERKIRIM","TIBA DILOKASI","TRANSIT","PENGIRIMAN","","TRANSIT","",""
"266","TERPASANG/TERKIRIM","TIBA DILOKASI","TIBA DILOKASI","TERPASANG/TERKIRIM","PENGIRIMAN","TERPASANG/TERKIRIM","TERPASANG/TERKIRIM","TIBA DILOKASI","TERPASANG/TERKIRIM","TERPASANG/TERKIRIM","TIBA DILOKASI","TRANSIT","PENGIRIMAN","","TRANSIT","",""
"267","TERPASANG/TERKIRIM","TIBA DILOKASI","TIBA DILOKASI","TERPASANG/TERKIRIM","PENGIRIMAN","","TERPASANG/TERKIRIM","TIBA DILOKASI","TERPASANG/TERKIRIM","TERPASANG/TERKIRIM","TIBA DILOKASI","TRANSIT","PENGIRIMAN","","TRANSIT","",""
"268","TERPASANG/TERKIRIM","TIBA DILOKASI","TIBA DILOKASI","TERPASANG/TERKIRIM","PENGIRIMAN","","TERPASANG/TERKIRIM","TIBA DILOKASI","TERPASANG/TERKIRIM","TERPASANG/TERKIRIM","TIBA DILOKASI","TRANSIT","PENGIRIMAN","","TRANSIT","",""
"269","TERPASANG/TERKIRIM","TIBA DILOKASI","TIBA DILOKASI","TERPASANG/TERKIRIM","PENGIRIMAN","","TERPASANG/TERKIRIM","TIBA DILOKASI","TERPASANG/TERKIRIM","TERPASANG/TERKIRIM","TIBA DILOKASI","TRANSIT","PENGIRIMAN","","TRANSIT","",""
"270","TERPASANG/TERKIRIM","TIBA DILOKASI","TIBA DILOKASI","TERPASANG/TERKIRIM","PENGIRIMAN","","TERPASANG/TERKIRIM","TERPASANG/TERKIRIM","TERPASANG/TERKIRIM","TERPASANG/TERKIRIM","TIBA DILOKASI","TRANSIT","PENGIRIMAN","","TRANSIT","",""
"271","TERPASANG/TERKIRIM","TIBA DILOKASI","TIBA DILOKASI","TERPASANG/TERKIRIM","PENGIRIMAN","TERPASANG/TERKIRIM","TERPASANG/TERKIRIM","TERPASANG/TERKIRIM","TERPASANG/TERKIRIM","TERPASANG/TERKIRIM","TIBA DILOKASI","TRANSIT","PENGIRIMAN","","TRANSIT","",""
"272","TERPASANG/TERKIRIM","TIBA DILOKASI","TIBA DILOKASI","TERPASANG/TERKIRIM","PENGIRIMAN","TERPASANG/TERKIRIM","TERPASANG/TERKIRIM","TERPASANG/TERKIRIM","TERPASANG/TERKIRIM","TERPASANG/TERKIRIM","TIBA DILOKASI","TRANSIT","PENGIRIMAN","","TRANSIT","",""
"273","TERPASANG/TERKIRIM","TIBA DILOKASI","TIBA DILOKASI","TERPASANG/TERKIRIM","PENGIRIMAN","TERPASANG/TERKIRIM","TERPASANG/TERKIRIM","TERPASANG/TERKIRIM","TERPASANG/TERKIRIM","TERPASANG/TERKIRIM","TIBA DILOKASI","TRANSIT","PENGIRIMAN","","TRANSIT","",""
"274","TERPASANG/TERKIRIM","TIBA DILOKASI","TIBA DILOKASI","TERPASANG/TERKIRIM","PENGIRIMAN","TERPASANG/TERKIRIM","TERPASANG/TERKIRIM","TERPASANG/TERKIRIM","TERPASANG/TERKIRIM","TERPASANG/TERKIRIM","TIBA DILOKASI","TRANSIT","PENGIRIMAN","","TRANSIT","",""
"275","TERPASANG/TERKIRIM","TIBA DILOKASI","TIBA DILOKASI","TERPASANG/TERKIRIM","PENGIRIMAN","","TERPASANG/TERKIRIM","TERPASANG/TERKIRIM","TERPASANG/TERKIRIM","TERPASANG/TERKIRIM","TIBA DILOKASI","TRANSIT","PENGIRIMAN","","TRANSIT","",""
"276","TERPASANG/TERKIRIM","TIBA DILOKASI","TIBA DILOKASI","TERPASANG/TERKIRIM","TERPASANG/TERKIRIM","PENGIRIMAN","TERPASANG/TERKIRIM","TERPASANG/TERKIRIM","TERPASANG/TERKIRIM","TERPASANG/TERKIRIM","TIBA DILOKASI","PENGIRIMAN","TRANSIT","","TRANSIT","",""
"277","TERPASANG/TERKIRIM","TIBA DILOKASI","TIBA DILOKASI","TERPASANG/TERKIRIM","TERPASANG/TERKIRIM","PENGIRIMAN","TERPASANG/TERKIRIM","TERPASANG/TERKIRIM","TERPASANG/TERKIRIM","TERPASANG/TERKIRIM","TIBA DILOKASI","PENGIRIMAN","TRANSIT","","TRANSIT","",""
"278","TERPASANG/TERKIRIM","TIBA DILOKASI","TIBA DILOKASI","TERPASANG/TERKIRIM","TERPASANG/TERKIRIM","PENGIRIMAN","TERPASANG/TERKIRIM","TERPASANG/TERKIRIM","TERPASANG/TERKIRIM","TERPASANG/TERKIRIM","TIBA DILOKASI","PENGIRIMAN","TRANSIT","","TRANSIT","",""
"279","TERPASANG/TERKIRIM","TIBA DILOKASI","TIBA DILOKASI","TERPASANG/TERKIRIM","TERPASANG/TERKIRIM","PENGIRIMAN","TERPASANG/TERKIRIM","TERPASANG/TERKIRIM","TERPASANG/TERKIRIM","TERPASANG/TERKIRIM","TIBA DILOKASI","PENGIRIMAN","TRANSIT","","TRANSIT","",""
"280","TERPASANG/TERKIRIM","TIBA DILOKASI","TIBA DILOKASI","TERPASANG/TERKIRIM","TERPASANG/TERKIRIM","PENGIRIMAN","TERPASANG/TERKIRIM","TERPASANG/TERKIRIM","TERPASANG/TERKIRIM","TERPASANG/TERKIRIM","TIBA DILOKASI","PENGIRIMAN","TRANSIT","","TRANSIT","",""
"281","TERPASANG/TERKIRIM","TIBA DILOKASI","TIBA DILOKASI","TERPASANG/TERKIRIM","TERPASANG/TERKIRIM","PENGIRIMAN","TERPASANG/TERKIRIM","TERPASANG/TERKIRIM","TERPASANG/TERKIRIM","TERPASANG/TERKIRIM","TIBA DILOKASI","PENGIRIMAN","TRANSIT","","TRANSIT","",""
"282","TERPASANG/TERKIRIM","TIBA DILOKASI","TIBA DILOKASI","TERPASANG/TERKIRIM","TERPASANG/TERKIRIM","PENGIRIMAN","TERPASANG/TERKIRIM","TERPASANG/TERKIRIM","TERPASANG/TERKIRIM","TERPASANG/TERKIRIM","TIBA DILOKASI","PENGIRIMAN","TRANSIT","","TRANSIT","",""
"283","TERPASANG/TERKIRIM","TIBA DILOKASI","TIBA DILOKASI","TERPASANG/TERKIRIM","TERPASANG/TERKIRIM","PENGIRIMAN","TERPASANG/TERKIRIM","TERPASANG/TERKIRIM","TERPASANG/TERKIRIM","TERPASANG/TERKIRIM","TIBA DILOKASI","PENGIRIMAN","TRANSIT","","TRANSIT","",""
"284","TERPASANG/TERKIRIM","TIBA DILOKASI","TIBA DILOKASI","TERPASANG/TERKIRIM","TERPASANG/TERKIRIM","PENGIRIMAN","TERPASANG/TERKIRIM","TERPASANG/TERKIRIM","TERPASANG/TERKIRIM","TERPASANG/TERKIRIM","TIBA DILOKASI","PENGIRIMAN","TRANSIT","","TRANSIT","",""
"285","TERPASANG/TERKIRIM","TIBA DILOKASI","TIBA DILOKASI","TERPASANG/TERKIRIM","TERPASANG/TERKIRIM","PENGIRIMAN","TERPASANG/TERKIRIM","PENGIRIMAN","TRANSIT","TERPASANG/TERKIRIM","TIBA DILOKASI","PENGIRIMAN","TRANSIT","","TRANSIT","",""
"286","TERPASANG/TERKIRIM","TIBA DILOKASI","TIBA DILOKASI","TERPASANG/TERKIRIM","TERPASANG/TERKIRIM","PENGIRIMAN","TERPASANG/TERKIRIM","PENGIRIMAN","TRANSIT","TERPASANG/TERKIRIM","TIBA DILOKASI","PENGIRIMAN","TRANSIT","","TRANSIT","",""
"287","TERPASANG/TERKIRIM","TIBA DILOKASI","TIBA DILOKASI","TERPASANG/TERKIRIM","TERPASANG/TERKIRIM","PENGIRIMAN","TERPASANG/TERKIRIM","PENGIRIMAN","TRANSIT","TERPASANG/TERKIRIM","TIBA DILOKASI","PENGIRIMAN","TRANSIT","","TRANSIT","",""
"288","TERPASANG/TERKIRIM","TIBA DILOKASI","TIBA DILOKASI","TERPASANG/TERKIRIM","TERPASANG/TERKIRIM","PENGIRIMAN","TERPASANG/TERKIRIM","PENGIRIMAN","TERPASANG/TERKIRIM","TERPASANG/TERKIRIM","TIBA DILOKASI","PENGIRIMAN","TRANSIT","","TRANSIT","",""
"289","TERPASANG/TERKIRIM","TIBA DILOKASI","TIBA DILOKASI","TERPASANG/TERKIRIM","TERPASANG/TERKIRIM","PENGIRIMAN","TERPASANG/TERKIRIM","PENGIRIMAN","TERPASANG/TERKIRIM","TERPASANG/TERKIRIM","TIBA DILOKASI","PENGIRIMAN","TRANSIT","","TRANSIT","",""
"290","TERPASANG/TERKIRIM","TIBA DILOKASI","TIBA DILOKASI","TERPASANG/TERKIRIM","TERPASANG/TERKIRIM","PENGIRIMAN","TERPASANG/TERKIRIM","PENGIRIMAN","TERPASANG/TERKIRIM","TERPASANG/TERKIRIM","TIBA DILOKASI","PENGIRIMAN","TRANSIT","","TRANSIT","",""
"291","TERPASANG/TERKIRIM","TIBA DILOKASI","TIBA DILOKASI","TERPASANG/TERKIRIM","TERPASANG/TERKIRIM","","TERPASANG/TERKIRIM","PENGIRIMAN","TERPASANG/TERKIRIM","TERPASANG/TERKIRIM","TIBA DILOKASI","PENGIRIMAN","TRANSIT","","TRANSIT","",""
"292","TERPASANG/TERKIRIM","TIBA DILOKASI","TIBA DILOKASI","TERPASANG/TERKIRIM","TERPASANG/TERKIRIM","PENGIRIMAN","TERPASANG/TERKIRIM","PENGIRIMAN","TERPASANG/TERKIRIM","TERPASANG/TERKIRIM","TIBA DILOKASI","PENGIRIMAN","TRANSIT","","TRANSIT","",""
"293","TERPASANG/TERKIRIM","TIBA DILOKASI","TIBA DILOKASI","TERPASANG/TERKIRIM","TERPASANG/TERKIRIM","","TERPASANG/TERKIRIM","PENGIRIMAN","TERPASANG/TERKIRIM","TERPASANG/TERKIRIM","TIBA DILOKASI","PENGIRIMAN","TRANSIT","","TRANSIT","",""
"294","TERPASANG/TERKIRIM","TIBA DILOKASI","TIBA DILOKASI","TERPASANG/TERKIRIM","TERPASANG/TERKIRIM","PENGIRIMAN","TERPASANG/TERKIRIM","PENGIRIMAN","TRANSIT","TERPASANG/TERKIRIM","TIBA DILOKASI","PENGIRIMAN","TRANSIT","","TRANSIT","",""
"295","TERPASANG/TERKIRIM","TIBA DILOKASI","TIBA DILOKASI","TERPASANG/TERKIRIM","TERPASANG/TERKIRIM","PENGIRIMAN","TERPASANG/TERKIRIM","PENGIRIMAN","TRANSIT","TERPASANG/TERKIRIM","TIBA DILOKASI","PENGIRIMAN","TRANSIT","","TRANSIT","",""
"296","TERPASANG/TERKIRIM","TIBA DILOKASI","TIBA DILOKASI","TERPASANG/TERKIRIM","TERPASANG/TERKIRIM","TERPASANG/TERKIRIM","TERPASANG/TERKIRIM","PENGIRIMAN","TRANSIT","TERPASANG/TERKIRIM","TIBA DILOKASI","PENGIRIMAN","TRANSIT","","TRANSIT","",""
"297","TERPASANG/TERKIRIM","TIBA DILOKASI","TIBA DILOKASI","TERPASANG/TERKIRIM","TERPASANG/TERKIRIM","TERPASANG/TERKIRIM","TERPASANG/TERKIRIM","TERPASANG/TERKIRIM","TERPASANG/TERKIRIM","TERPASANG/TERKIRIM","TIBA DILOKASI","PENGIRIMAN","TRANSIT","","TRANSIT","",""
"298","TERPASANG/TERKIRIM","TIBA DILOKASI","TIBA DILOKASI","TERPASANG/TERKIRIM","TERPASANG/TERKIRIM","","TERPASANG/TERKIRIM","TERPASANG/TERKIRIM","TERPASANG/TERKIRIM","TERPASANG/TERKIRIM","TIBA DILOKASI","PENGIRIMAN","TRANSIT","","TRANSIT","",""
"299","TERPASANG/TERKIRIM","TIBA DILOKASI","TIBA DILOKASI","TERPASANG/TERKIRIM","TERPASANG/TERKIRIM","","TERPASANG/TERKIRIM","TRANSIT","TERPASANG/TERKIRIM","TERPASANG/TERKIRIM","TIBA DILOKASI","PENGIRIMAN","TRANSIT","","TRANSIT","",""
"300","TERPASANG/TERKIRIM","TIBA DILOKASI","TIBA DILOKASI","TERPASANG/TERKIRIM","TERPASANG/TERKIRIM","TERPASANG/TERKIRIM","TERPASANG/TERKIRIM","TERPASANG/TERKIRIM","TERPASANG/TERKIRIM","TERPASANG/TERKIRIM","TIBA DILOKASI","PENGIRIMAN","TRANSIT","","TRANSIT","",""
"301","TERPASANG/TERKIRIM","TIBA DILOKASI","TIBA DILOKASI","TERPASANG/TERKIRIM","TERPASANG/TERKIRIM","","TERPASANG/TERKIRIM","TERPASANG/TERKIRIM","TERPASANG/TERKIRIM","TERPASANG/TERKIRIM","TIBA DILOKASI","PENGIRIMAN","TRANSIT","","TRANSIT","",""
"302","TERPASANG/TERKIRIM","TIBA DILOKASI","TIBA DILOKASI","TERPASANG/TERKIRIM","TERPASANG/TERKIRIM","","TERPASANG/TERKIRIM","TERPASANG/TERKIRIM","TERPASANG/TERKIRIM","TERPASANG/TERKIRIM","TIBA DILOKASI","PENGIRIMAN","TRANSIT","","TRANSIT","",""
"303","TERPASANG/TERKIRIM","TIBA DILOKASI","TIBA DILOKASI","TERPASANG/TERKIRIM","TERPASANG/TERKIRIM","","TERPASANG/TERKIRIM","TERPASANG/TERKIRIM","TERPASANG/TERKIRIM","TERPASANG/TERKIRIM","TIBA DILOKASI","PENGIRIMAN","TRANSIT","","TRANSIT","",""
"304","TERPASANG/TERKIRIM","TIBA DILOKASI","TIBA DILOKASI","TERPASANG/TERKIRIM","PENGIRIMAN","","TERPASANG/TERKIRIM","TERPASANG/TERKIRIM","TERPASANG/TERKIRIM","TERPASANG/TERKIRIM","TIBA DILOKASI","PENGIRIMAN","TRANSIT","","TRANSIT","",""
"305","TERPASANG/TERKIRIM","TIBA DILOKASI","TIBA DILOKASI","TERPASANG/TERKIRIM","TERPASANG/TERKIRIM","","TERPASANG/TERKIRIM","TERPASANG/TERKIRIM","TERPASANG/TERKIRIM","TERPASANG/TERKIRIM","TIBA DILOKASI","PENGIRIMAN","TRANSIT","","TRANSIT","",""
"306","TERPASANG/TERKIRIM","TIBA DILOKASI","TIBA DILOKASI","TERPASANG/TERKIRIM","TERPASANG/TERKIRIM","","TERPASANG/TERKIRIM","TERPASANG/TERKIRIM","TERPASANG/TERKIRIM","TERPASANG/TERKIRIM","TIBA DILOKASI","PENGIRIMAN","TRANSIT","","TRANSIT","",""
"307","TERPASANG/TERKIRIM","TIBA DILOKASI","TIBA DILOKASI","TERPASANG/TERKIRIM","TERPASANG/TERKIRIM","","TERPASANG/TERKIRIM","TERPASANG/TERKIRIM","TERPASANG/TERKIRIM","TERPASANG/TERKIRIM","PENGIRIMAN","PENGIRIMAN","TRANSIT","","TRANSIT","",""
"308","TERPASANG/TERKIRIM","TIBA DILOKASI","TIBA DILOKASI","TERPASANG/TERKIRIM","TERPASANG/TERKIRIM","","TERPASANG/TERKIRIM","TERPASANG/TERKIRIM","TERPASANG/TERKIRIM","TERPASANG/TERKIRIM","TIBA DILOKASI","PENGIRIMAN","TRANSIT","","TRANSIT","",""
"309","TERPASANG/TERKIRIM","TIBA DILOKASI","TIBA DILOKASI","TERPASANG/TERKIRIM","TERPASANG/TERKIRIM","","TERPASANG/TERKIRIM","TERPASANG/TERKIRIM","TERPASANG/TERKIRIM","TERPASANG/TERKIRIM","PENGIRIMAN","PENGIRIMAN","TRANSIT","","TRANSIT","",""
"310","TERPASANG/TERKIRIM","TIBA DILOKASI","TIBA DILOKASI","TERPASANG/TERKIRIM","TERPASANG/TERKIRIM","","TERPASANG/TERKIRIM","TERPASANG/TERKIRIM","TERPASANG/TERKIRIM","TERPASANG/TERKIRIM","PENGIRIMAN","PENGIRIMAN","TRANSIT","","TRANSIT","",""
"311","TERPASANG/TERKIRIM","TIBA DILOKASI","TIBA DILOKASI","TERPASANG/TERKIRIM","TERPASANG/TERKIRIM","","TERPASANG/TERKIRIM","TERPASANG/TERKIRIM","TERPASANG/TERKIRIM","TERPASANG/TERKIRIM","TIBA DILOKASI","PENGIRIMAN","TRANSIT","","TRANSIT","",""
"312","TERPASANG/TERKIRIM","TIBA DILOKASI","TIBA DILOKASI","TERPASANG/TERKIRIM","TERPASANG/TERKIRIM","","TERPASANG/TERKIRIM","TERPASANG/TERKIRIM","TRANSIT","TERPASANG/TERKIRIM","TIBA DILOKASI","PENGIRIMAN","TRANSIT","","TRANSIT","",""
"313","TERPASANG/TERKIRIM","TIBA DILOKASI","TIBA DILOKASI","TERPASANG/TERKIRIM","TERPASANG/TERKIRIM","","TERPASANG/TERKIRIM","TERPASANG/TERKIRIM","TERPASANG/TERKIRIM","TERPASANG/TERKIRIM","TIBA DILOKASI","PENGIRIMAN","TRANSIT","","TRANSIT","",""
"314","TERPASANG/TERKIRIM","TIBA DILOKASI","TIBA DILOKASI","TERPASANG/TERKIRIM","TERPASANG/TERKIRIM","","TERPASANG/TERKIRIM","TERPASANG/TERKIRIM","TERPASANG/TERKIRIM","TERPASANG/TERKIRIM","TIBA DILOKASI","PENGIRIMAN","TRANSIT","","TRANSIT","",""
"315","TERPASANG/TERKIRIM","TIBA DILOKASI","TIBA DILOKASI","TERPASANG/TERKIRIM","TERPASANG/TERKIRIM","","TERPASANG/TERKIRIM","TERPASANG/TERKIRIM","TERPASANG/TERKIRIM","TERPASANG/TERKIRIM","PENGIRIMAN","PENGIRIMAN","TRANSIT","","TRANSIT","",""
"316","TERPASANG/TERKIRIM","TIBA DILOKASI","TIBA DILOKASI","TERPASANG/TERKIRIM","TERPASANG/TERKIRIM","TERPASANG/TERKIRIM","TERPASANG/TERKIRIM","TRANSIT","TERPASANG/TERKIRIM","TERPASANG/TERKIRIM","TIBA DILOKASI","PENGIRIMAN","TRANSIT","","TRANSIT","",""
"317","TERPASANG/TERKIRIM","TIBA DILOKASI","TIBA DILOKASI","TERPASANG/TERKIRIM","TERPASANG/TERKIRIM","","TERPASANG/TERKIRIM","TERPASANG/TERKIRIM","TERPASANG/TERKIRIM","TERPASANG/TERKIRIM","TIBA DILOKASI","PENGIRIMAN","TRANSIT","","TRANSIT","",""
"318","TERPASANG/TERKIRIM","TIBA DILOKASI","TIBA DILOKASI","TERPASANG/TERKIRIM","TERPASANG/TERKIRIM","TERPASANG/TERKIRIM","TERPASANG/TERKIRIM","TERPASANG/TERKIRIM","TERPASANG/TERKIRIM","TERPASANG/TERKIRIM","PENGIRIMAN","PENGIRIMAN","TRANSIT","","TRANSIT","",""
"319","TERPASANG/TERKIRIM","TIBA DILOKASI","TIBA DILOKASI","TERPASANG/TERKIRIM","TERPASANG/TERKIRIM","","TERPASANG/TERKIRIM","TERPASANG/TERKIRIM","TERPASANG/TERKIRIM","TERPASANG/TERKIRIM","PENGIRIMAN","PENGIRIMAN","TRANSIT","","TRANSIT","",""
"320","TERPASANG/TERKIRIM","TIBA DILOKASI","TIBA DILOKASI","TERPASANG/TERKIRIM","TERPASANG/TERKIRIM","","TERPASANG/TERKIRIM","TERPASANG/TERKIRIM","TERPASANG/TERKIRIM","TERPASANG/TERKIRIM","PENGIRIMAN","PENGIRIMAN","TRANSIT","","TRANSIT","",""
"321","TERPASANG/TERKIRIM","TIBA DILOKASI","TIBA DILOKASI","TERPASANG/TERKIRIM","TERPASANG/TERKIRIM","TERPASANG/TERKIRIM","TERPASANG/TERKIRIM","TERPASANG/TERKIRIM","TERPASANG/TERKIRIM","TERPASANG/TERKIRIM","PENGIRIMAN","PENGIRIMAN","TRANSIT","","TRANSIT","",""
"322","TERPASANG/TERKIRIM","TIBA DILOKASI","TIBA DILOKASI","TERPASANG/TERKIRIM","TERPASANG/TERKIRIM","","TERPASANG/TERKIRIM","TRANSIT","TRANSIT","TERPASANG/TERKIRIM","PENGIRIMAN","PENGIRIMAN","TRANSIT","","TRANSIT","",""
"323","TERPASANG/TERKIRIM","TIBA DILOKASI","TIBA DILOKASI","TERPASANG/TERKIRIM","TERPASANG/TERKIRIM","","TERPASANG/TERKIRIM","TERPASANG/TERKIRIM","TERPASANG/TERKIRIM","TERPASANG/TERKIRIM","TIBA DILOKASI","PENGIRIMAN","TRANSIT","","TRANSIT","",""
"324","TERPASANG/TERKIRIM","TIBA DILOKASI","TIBA DILOKASI","TERPASANG/TERKIRIM","TERPASANG/TERKIRIM","","TERPASANG/TERKIRIM","TERPASANG/TERKIRIM","TERPASANG/TERKIRIM","TERPASANG/TERKIRIM","TIBA DILOKASI","PENGIRIMAN","TRANSIT","","TRANSIT","",""
"325","TERPASANG/TERKIRIM","PENGIRIMAN","PENGIRIMAN","TERPASANG/TERKIRIM","TERPASANG/TERKIRIM","","TERPASANG/TERKIRIM","TERPASANG/TERKIRIM","TERPASANG/TERKIRIM","TERPASANG/TERKIRIM","TIBA DILOKASI","PENGIRIMAN","TRANSIT","","TRANSIT","",""
"326","TERPASANG/TERKIRIM","PENGIRIMAN","PENGIRIMAN","TERPASANG/TERKIRIM","TERPASANG/TERKIRIM","","TERPASANG/TERKIRIM","TERPASANG/TERKIRIM","TERPASANG/TERKIRIM","TERPASANG/TERKIRIM","TIBA DILOKASI","PENGIRIMAN","TRANSIT","","TRANSIT","",""
"327","TERPASANG/TERKIRIM","PENGIRIMAN","PENGIRIMAN","TERPASANG/TERKIRIM","TERPASANG/TERKIRIM","","TERPASANG/TERKIRIM","TERPASANG/TERKIRIM","TERPASANG/TERKIRIM","TERPASANG/TERKIRIM","TIBA DILOKASI","PENGIRIMAN","TRANSIT","","TRANSIT","",""
"328","TERPASANG/TERKIRIM","PENGIRIMAN","PENGIRIMAN","TERPASANG/TERKIRIM","TERPASANG/TERKIRIM","","TERPASANG/TERKIRIM","TERPASANG/TERKIRIM","TERPASANG/TERKIRIM","TERPASANG/TERKIRIM","TIBA DILOKASI","PENGIRIMAN","TRANSIT","","TRANSIT","",""
"329","TERPASANG/TERKIRIM","PENGIRIMAN","PENGIRIMAN","TERPASANG/TERKIRIM","TERPASANG/TERKIRIM","","TERPASANG/TERKIRIM","TERPASANG/TERKIRIM","TERPASANG/TERKIRIM","TERPASANG/TERKIRIM","PENGIRIMAN","PENGIRIMAN","TRANSIT","","TRANSIT","",""
"330","TERPASANG/TERKIRIM","TIBA DILOKASI","TIBA DILOKASI","TERPASANG/TERKIRIM","TERPASANG/TERKIRIM","","TERPASANG/TERKIRIM","TERPASANG/TERKIRIM","TERPASANG/TERKIRIM","TERPASANG/TERKIRIM","TIBA DILOKASI","PENGIRIMAN","TRANSIT","","TRANSIT","",""
"331","TERPASANG/TERKIRIM","PENGIRIMAN","PENGIRIMAN","TERPASANG/TERKIRIM","TERPASANG/TERKIRIM","","TERPASANG/TERKIRIM","TERPASANG/TERKIRIM","TERPASANG/TERKIRIM","TERPASANG/TERKIRIM","PENGIRIMAN","PENGIRIMAN","TRANSIT","","TRANSIT","",""
"332","TERPASANG/TERKIRIM","PENGIRIMAN","PENGIRIMAN","TERPASANG/TERKIRIM","TERPASANG/TERKIRIM","","TERPASANG/TERKIRIM","PENGIRIMAN","TERPASANG/TERKIRIM","TERPASANG/TERKIRIM","PENGIRIMAN","PENGIRIMAN","TRANSIT","","TRANSIT","",""
"333","TERPASANG/TERKIRIM","PENGIRIMAN","PENGIRIMAN","TERPASANG/TERKIRIM","TERPASANG/TERKIRIM","","TERPASANG/TERKIRIM","PENGIRIMAN","TRANSIT","TERPASANG/TERKIRIM","TIBA DILOKASI","PENGIRIMAN","TRANSIT","","TRANSIT","",""
"334","TERPASANG/TERKIRIM","PENGIRIMAN","PENGIRIMAN","TERPASANG/TERKIRIM","TERPASANG/TERKIRIM","","TERPASANG/TERKIRIM","PENGIRIMAN","TERPASANG/TERKIRIM","TERPASANG/TERKIRIM","TIBA DILOKASI","PENGIRIMAN","TRANSIT","","TRANSIT","",""
"335","TERPASANG/TERKIRIM","PENGIRIMAN","PENGIRIMAN","TERPASANG/TERKIRIM","TERPASANG/TERKIRIM","","TERPASANG/TERKIRIM","PENGIRIMAN","TRANSIT","TERPASANG/TERKIRIM","PENGIRIMAN","PENGIRIMAN","TRANSIT","","TRANSIT","",""
"336","TERPASANG/TERKIRIM","PENGIRIMAN","PENGIRIMAN","TERPASANG/TERKIRIM","TERPASANG/TERKIRIM","","TERPASANG/TERKIRIM","PENGIRIMAN","TERPASANG/TERKIRIM","TRANSIT","PENGIRIMAN","PENGIRIMAN","TRANSIT","","TRANSIT","",""
"337","TERPASANG/TERKIRIM","PENGIRIMAN","PENGIRIMAN","TERPASANG/TERKIRIM","TERPASANG/TERKIRIM","","TERPASANG/TERKIRIM","PENGIRIMAN","TRANSIT","TRANSIT","PENGIRIMAN","PENGIRIMAN","TRANSIT","","TRANSIT","",""
"338","TERPASANG/TERKIRIM","PENGIRIMAN","PENGIRIMAN","TERPASANG/TERKIRIM","TERPASANG/TERKIRIM","","TERPASANG/TERKIRIM","PENGIRIMAN","TRANSIT","TRANSIT","PENGIRIMAN","PENGIRIMAN","TRANSIT","","TRANSIT","",""
"339","TERPASANG/TERKIRIM","PENGIRIMAN","PENGIRIMAN","TERPASANG/TERKIRIM","TERPASANG/TERKIRIM","","TERPASANG/TERKIRIM","PENGIRIMAN","TRANSIT","TRANSIT","PENGIRIMAN","PENGIRIMAN","TRANSIT","","TRANSIT","",""
"340","TERPASANG/TERKIRIM","PENGIRIMAN","PENGIRIMAN","TERPASANG/TERKIRIM","TERPASANG/TERKIRIM","","TERPASANG/TERKIRIM","PENGIRIMAN","TRANSIT","TERPASANG/TERKIRIM","TIBA DILOKASI","PENGIRIMAN","TRANSIT","","TRANSIT","",""
"341","TERPASANG/TERKIRIM","PENGIRIMAN","PENGIRIMAN","TERPASANG/TERKIRIM","TERPASANG/TERKIRIM","","TERPASANG/TERKIRIM","PENGIRIMAN","TRANSIT","TRANSIT","PENGIRIMAN","PENGIRIMAN","TRANSIT","","TRANSIT","",""
"342","TERPASANG/TERKIRIM","PENGIRIMAN","PENGIRIMAN","TERPASANG/TERKIRIM","TERPASANG/TERKIRIM","","TERPASANG/TERKIRIM","PENGIRIMAN","TRANSIT","TRANSIT","PENGIRIMAN","PENGIRIMAN","TRANSIT","","TRANSIT","",""
"343","TERPASANG/TERKIRIM","PENGIRIMAN","PENGIRIMAN","TERPASANG/TERKIRIM","TERPASANG/TERKIRIM","","TERPASANG/TERKIRIM","TERPASANG/TERKIRIM","TERPASANG/TERKIRIM","TRANSIT","PENGIRIMAN","PENGIRIMAN","TRANSIT","","TRANSIT","",""
"344","TERPASANG/TERKIRIM","PENGIRIMAN","PENGIRIMAN","TERPASANG/TERKIRIM","TERPASANG/TERKIRIM","","TERPASANG/TERKIRIM","TERPASANG/TERKIRIM","TERPASANG/TERKIRIM","TRANSIT","TIBA DILOKASI","PENGIRIMAN","TRANSIT","","TRANSIT","",""
"345","TERPASANG/TERKIRIM","PENGIRIMAN","PENGIRIMAN","TERPASANG/TERKIRIM","TERPASANG/TERKIRIM","","TERPASANG/TERKIRIM","TERPASANG/TERKIRIM","TERPASANG/TERKIRIM","TRANSIT","TIBA DILOKASI","PENGIRIMAN","TRANSIT","","TRANSIT","",""
"346","TERPASANG/TERKIRIM","PENGIRIMAN","PENGIRIMAN","TERPASANG/TERKIRIM","TERPASANG/TERKIRIM","","TERPASANG/TERKIRIM","TERPASANG/TERKIRIM","TERPASANG/TERKIRIM","TRANSIT","PENGIRIMAN","PENGIRIMAN","TRANSIT","","TRANSIT","",""
"347","TERPASANG/TERKIRIM","PENGIRIMAN","PENGIRIMAN","TERPASANG/TERKIRIM","TERPASANG/TERKIRIM","","TERPASANG/TERKIRIM","TERPASANG/TERKIRIM","TERPASANG/TERKIRIM","TRANSIT","PENGIRIMAN","PENGIRIMAN","TRANSIT","","TRANSIT","",""
"348","TERPASANG/TERKIRIM","PENGIRIMAN","PENGIRIMAN","TERPASANG/TERKIRIM","TERPASANG/TERKIRIM","","TERPASANG/TERKIRIM","TRANSIT","TERPASANG/TERKIRIM","TRANSIT","TIBA DILOKASI","PENGIRIMAN","TRANSIT","","TRANSIT","",""
"349","TERPASANG/TERKIRIM","PENGIRIMAN","PENGIRIMAN","TERPASANG/TERKIRIM","TERPASANG/TERKIRIM","","TERPASANG/TERKIRIM","TRANSIT","TERPASANG/TERKIRIM","TRANSIT","TIBA DILOKASI","PENGIRIMAN","TRANSIT","","TRANSIT","",""
"350","TERPASANG/TERKIRIM","PENGIRIMAN","PENGIRIMAN","TERPASANG/TERKIRIM","TERPASANG/TERKIRIM","","TERPASANG/TERKIRIM","PENGIRIMAN","TRANSIT","TRANSIT","PENGIRIMAN","PENGIRIMAN","TRANSIT","","TRANSIT","",""
"351","TERPASANG/TERKIRIM","PENGIRIMAN","PENGIRIMAN","TERPASANG/TERKIRIM","TERPASANG/TERKIRIM","","TERPASANG/TERKIRIM","PENGIRIMAN","TRANSIT","TRANSIT","PENGIRIMAN","PENGIRIMAN","TRANSIT","","TRANSIT","",""
"352","TERPASANG/TERKIRIM","PENGIRIMAN","PENGIRIMAN","TERPASANG/TERKIRIM","TERPASANG/TERKIRIM","","TERPASANG/TERKIRIM","PENGIRIMAN","TRANSIT","TRANSIT","PENGIRIMAN","PENGIRIMAN","TRANSIT","","TRANSIT","",""
"353","TERPASANG/TERKIRIM","PENGIRIMAN","PENGIRIMAN","TERPASANG/TERKIRIM","TERPASANG/TERKIRIM","","TERPASANG/TERKIRIM","PENGIRIMAN","TERPASANG/TERKIRIM","TRANSIT","TIBA DILOKASI","PENGIRIMAN","TRANSIT","","TRANSIT","",""
"354","TERPASANG/TERKIRIM","PENGIRIMAN","PENGIRIMAN","TERPASANG/TERKIRIM","TERPASANG/TERKIRIM","","TERPASANG/TERKIRIM","PENGIRIMAN","TERPASANG/TERKIRIM","TRANSIT","TIBA DILOKASI","PENGIRIMAN","TRANSIT","","TRANSIT","",""
"355","TERPASANG/TERKIRIM","PENGIRIMAN","PENGIRIMAN","TERPASANG/TERKIRIM","TERPASANG/TERKIRIM","","TERPASANG/TERKIRIM","PENGIRIMAN","TERPASANG/TERKIRIM","TRANSIT","TIBA DILOKASI","PENGIRIMAN","TRANSIT","","TRANSIT","",""
"356","TERPASANG/TERKIRIM","PENGIRIMAN","PENGIRIMAN","TERPASANG/TERKIRIM","TERPASANG/TERKIRIM","","TERPASANG/TERKIRIM","PENGIRIMAN","TERPASANG/TERKIRIM","TRANSIT","TIBA DILOKASI","PENGIRIMAN","TRANSIT","","TRANSIT","",""
"357","TERPASANG/TERKIRIM","PENGIRIMAN","PENGIRIMAN","TERPASANG/TERKIRIM","TERPASANG/TERKIRIM","","TERPASANG/TERKIRIM","PENGIRIMAN","TERPASANG/TERKIRIM","TRANSIT","PENGIRIMAN","PENGIRIMAN","TRANSIT","","TRANSIT","",""
"358","TERPASANG/TERKIRIM","PENGIRIMAN","PENGIRIMAN","TERPASANG/TERKIRIM","TERPASANG/TERKIRIM","","TERPASANG/TERKIRIM","PENGIRIMAN","TERPASANG/TERKIRIM","TRANSIT","PENGIRIMAN","PENGIRIMAN","TRANSIT","","TRANSIT","",""
"359","TERPASANG/TERKIRIM","PENGIRIMAN","PENGIRIMAN","TERPASANG/TERKIRIM","TERPASANG/TERKIRIM","","TERPASANG/TERKIRIM","PENGIRIMAN","TERPASANG/TERKIRIM","TRANSIT","PENGIRIMAN","PENGIRIMAN","TRANSIT","","TRANSIT","",""
"360","TERPASANG/TERKIRIM","PENGIRIMAN","PENGIRIMAN","TERPASANG/TERKIRIM","TERPASANG/TERKIRIM","","TERPASANG/TERKIRIM","PENGIRIMAN","TERPASANG/TERKIRIM","TRANSIT","TIBA DILOKASI","PENGIRIMAN","TRANSIT","","TRANSIT","",""
"361","TERPASANG/TERKIRIM","TERPASANG/TERKIRIM","TERPASANG/TERKIRIM","TERPASANG/TERKIRIM","TERPASANG/TERKIRIM","TERPASANG/TERKIRIM","TERPASANG/TERKIRIM","TERPASANG/TERKIRIM","TERPASANG/TERKIRIM","TERPASANG/TERKIRIM","TIBA DILOKASI","TRANSIT","TRANSIT","TERPASANG/TERKIRIM","TRANSIT","",""
"362","TERPASANG/TERKIRIM","TERPASANG/TERKIRIM","TERPASANG/TERKIRIM","TERPASANG/TERKIRIM","TERPASANG/TERKIRIM","TERPASANG/TERKIRIM","TERPASANG/TERKIRIM","TERPASANG/TERKIRIM","TERPASANG/TERKIRIM","TERPASANG/TERKIRIM","TIBA DILOKASI","TRANSIT","TRANSIT","TERPASANG/TERKIRIM","TRANSIT","",""
"363","TERPASANG/TERKIRIM","TERPASANG/TERKIRIM","TERPASANG/TERKIRIM","TERPASANG/TERKIRIM","TERPASANG/TERKIRIM","TERPASANG/TERKIRIM","TERPASANG/TERKIRIM","TERPASANG/TERKIRIM","TERPASANG/TERKIRIM","TERPASANG/TERKIRIM","TIBA DILOKASI","TRANSIT","TRANSIT","TERPASANG/TERKIRIM","TRANSIT","",""
"364","TERPASANG/TERKIRIM","TERPASANG/TERKIRIM","TERPASANG/TERKIRIM","TERPASANG/TERKIRIM","TERPASANG/TERKIRIM","TERPASANG/TERKIRIM","TERPASANG/TERKIRIM","TERPASANG/TERKIRIM","TERPASANG/TERKIRIM","TERPASANG/TERKIRIM","TIBA DILOKASI","TRANSIT","TRANSIT","","TRANSIT","",""
"365","TERPASANG/TERKIRIM","TERPASANG/TERKIRIM","TERPASANG/TERKIRIM","TERPASANG/TERKIRIM","TERPASANG/TERKIRIM","TERPASANG/TERKIRIM","TERPASANG/TERKIRIM","TERPASANG/TERKIRIM","TERPASANG/TERKIRIM","TERPASANG/TERKIRIM","TIBA DILOKASI","TRANSIT","TRANSIT","TERPASANG/TERKIRIM","TRANSIT","",""
"366","TERPASANG/TERKIRIM","TERPASANG/TERKIRIM","TERPASANG/TERKIRIM","TERPASANG/TERKIRIM","TERPASANG/TERKIRIM","TERPASANG/TERKIRIM","TERPASANG/TERKIRIM","TERPASANG/TERKIRIM","TERPASANG/TERKIRIM","TERPASANG/TERKIRIM","TIBA DILOKASI","TRANSIT","TRANSIT","TERPASANG/TERKIRIM","TRANSIT","",""
"367","TERPASANG/TERKIRIM","TERPASANG/TERKIRIM","TERPASANG/TERKIRIM","TERPASANG/TERKIRIM","TERPASANG/TERKIRIM","","TERPASANG/TERKIRIM","PENGIRIMAN","TERPASANG/TERKIRIM","TERPASANG/TERKIRIM","TIBA DILOKASI","TRANSIT","TRANSIT","","TRANSIT","",""
"368","TERPASANG/TERKIRIM","TERPASANG/TERKIRIM","TERPASANG/TERKIRIM","TERPASANG/TERKIRIM","TERPASANG/TERKIRIM","TERPASANG/TERKIRIM","TERPASANG/TERKIRIM","TERPASANG/TERKIRIM","TERPASANG/TERKIRIM","TERPASANG/TERKIRIM","TIBA DILOKASI","TRANSIT","TRANSIT","TERPASANG/TERKIRIM","TRANSIT","",""
"369","TERPASANG/TERKIRIM","TERPASANG/TERKIRIM","TERPASANG/TERKIRIM","TERPASANG/TERKIRIM","TERPASANG/TERKIRIM","","TERPASANG/TERKIRIM","PENGIRIMAN","TERPASANG/TERKIRIM","TERPASANG/TERKIRIM","TIBA DILOKASI","TRANSIT","TRANSIT","","TRANSIT","",""
"370","TERPASANG/TERKIRIM","TERPASANG/TERKIRIM","TERPASANG/TERKIRIM","TERPASANG/TERKIRIM","TERPASANG/TERKIRIM","TERPASANG/TERKIRIM","TERPASANG/TERKIRIM","TERPASANG/TERKIRIM","TERPASANG/TERKIRIM","TERPASANG/TERKIRIM","TIBA DILOKASI","TRANSIT","TRANSIT","TERPASANG/TERKIRIM","TRANSIT","",""
"371","TERPASANG/TERKIRIM","TERPASANG/TERKIRIM","TERPASANG/TERKIRIM","TERPASANG/TERKIRIM","TERPASANG/TERKIRIM","TERPASANG/TERKIRIM","TERPASANG/TERKIRIM","PENGIRIMAN","TERPASANG/TERKIRIM","TERPASANG/TERKIRIM","TIBA DILOKASI","TRANSIT","TRANSIT","","TRANSIT","",""
"372","TERPASANG/TERKIRIM","TERPASANG/TERKIRIM","TERPASANG/TERKIRIM","TERPASANG/TERKIRIM","TERPASANG/TERKIRIM","","TERPASANG/TERKIRIM","PENGIRIMAN","TRANSIT","TERPASANG/TERKIRIM","TIBA DILOKASI","TRANSIT","TRANSIT","","TRANSIT","",""
"373","TERPASANG/TERKIRIM","TERPASANG/TERKIRIM","TERPASANG/TERKIRIM","TERPASANG/TERKIRIM","TERPASANG/TERKIRIM","","TERPASANG/TERKIRIM","PENGIRIMAN","TRANSIT","TERPASANG/TERKIRIM","TIBA DILOKASI","TRANSIT","TRANSIT","","TRANSIT","",""
"374","TERPASANG/TERKIRIM","TERPASANG/TERKIRIM","TERPASANG/TERKIRIM","TERPASANG/TERKIRIM","TERPASANG/TERKIRIM","","TERPASANG/TERKIRIM","PENGIRIMAN","TRANSIT","TERPASANG/TERKIRIM","TIBA DILOKASI","TRANSIT","TRANSIT","","TRANSIT","",""
"375","TERPASANG/TERKIRIM","TERPASANG/TERKIRIM","TERPASANG/TERKIRIM","TERPASANG/TERKIRIM","TERPASANG/TERKIRIM","","TERPASANG/TERKIRIM","PENGIRIMAN","TRANSIT","TERPASANG/TERKIRIM","TIBA DILOKASI","TRANSIT","TRANSIT","","TRANSIT","",""
"376","TERPASANG/TERKIRIM","TERPASANG/TERKIRIM","TERPASANG/TERKIRIM","TERPASANG/TERKIRIM","TERPASANG/TERKIRIM","","TERPASANG/TERKIRIM","PENGIRIMAN","TRANSIT","TERPASANG/TERKIRIM","TIBA DILOKASI","TRANSIT","TRANSIT","","TRANSIT","",""
"377","TERPASANG/TERKIRIM","TERPASANG/TERKIRIM","TERPASANG/TERKIRIM","TERPASANG/TERKIRIM","TERPASANG/TERKIRIM","","TERPASANG/TERKIRIM","PENGIRIMAN","TRANSIT","TERPASANG/TERKIRIM","TIBA DILOKASI","TRANSIT","TRANSIT","","TRANSIT","",""
"378","TERPASANG/TERKIRIM","TERPASANG/TERKIRIM","TERPASANG/TERKIRIM","TERPASANG/TERKIRIM","TERPASANG/TERKIRIM","","TERPASANG/TERKIRIM","PENGIRIMAN","TRANSIT","TERPASANG/TERKIRIM","TIBA DILOKASI","TRANSIT","TRANSIT","","TRANSIT","",""
"379","TERPASANG/TERKIRIM","TERPASANG/TERKIRIM","TERPASANG/TERKIRIM","TERPASANG/TERKIRIM","TERPASANG/TERKIRIM","","TERPASANG/TERKIRIM","PENGIRIMAN","TRANSIT","TERPASANG/TERKIRIM","TIBA DILOKASI","TRANSIT","TRANSIT","","TRANSIT","",""
"380","TERPASANG/TERKIRIM","TERPASANG/TERKIRIM","TERPASANG/TERKIRIM","TERPASANG/TERKIRIM","TERPASANG/TERKIRIM","","TERPASANG/TERKIRIM","PENGIRIMAN","TRANSIT","TERPASANG/TERKIRIM","TIBA DILOKASI","TRANSIT","TRANSIT","","TRANSIT","",""
"381","TERPASANG/TERKIRIM","TERPASANG/TERKIRIM","TERPASANG/TERKIRIM","TERPASANG/TERKIRIM","TERPASANG/TERKIRIM","TERPASANG/TERKIRIM","TERPASANG/TERKIRIM","TERPASANG/TERKIRIM","TERPASANG/TERKIRIM","TERPASANG/TERKIRIM","TIBA DILOKASI","TRANSIT","TRANSIT","TERPASANG/TERKIRIM","TRANSIT","",""
"382","TERPASANG/TERKIRIM","TERPASANG/TERKIRIM","TERPASANG/TERKIRIM","TERPASANG/TERKIRIM","TERPASANG/TERKIRIM","","TERPASANG/TERKIRIM","PENGIRIMAN","TRANSIT","TERPASANG/TERKIRIM","TIBA DILOKASI","TRANSIT","TRANSIT","","TRANSIT","",""
"383","TERPASANG/TERKIRIM","TERPASANG/TERKIRIM","TERPASANG/TERKIRIM","TERPASANG/TERKIRIM","TERPASANG/TERKIRIM","","TERPASANG/TERKIRIM","PENGIRIMAN","TRANSIT","TERPASANG/TERKIRIM","TIBA DILOKASI","TRANSIT","TRANSIT","","TRANSIT","",""
"384","TERPASANG/TERKIRIM","TERPASANG/TERKIRIM","TERPASANG/TERKIRIM","TERPASANG/TERKIRIM","TERPASANG/TERKIRIM","","TERPASANG/TERKIRIM","PENGIRIMAN","TRANSIT","TERPASANG/TERKIRIM","TIBA DILOKASI","TRANSIT","TRANSIT","","TRANSIT","",""
"385","TERPASANG/TERKIRIM","TERPASANG/TERKIRIM","TERPASANG/TERKIRIM","TERPASANG/TERKIRIM","TERPASANG/TERKIRIM","","TERPASANG/TERKIRIM","PENGIRIMAN","TRANSIT","TERPASANG/TERKIRIM","TIBA DILOKASI","TRANSIT","TRANSIT","","TRANSIT","",""
"386","TERPASANG/TERKIRIM","TERPASANG/TERKIRIM","TERPASANG/TERKIRIM","TERPASANG/TERKIRIM","TERPASANG/TERKIRIM","","TERPASANG/TERKIRIM","PENGIRIMAN","TRANSIT","TERPASANG/TERKIRIM","TIBA DILOKASI","TRANSIT","TRANSIT","","TRANSIT","",""
"387","TERPASANG/TERKIRIM","TERPASANG/TERKIRIM","TERPASANG/TERKIRIM","TERPASANG/TERKIRIM","TERPASANG/TERKIRIM","","TERPASANG/TERKIRIM","PENGIRIMAN","TRANSIT","TERPASANG/TERKIRIM","TIBA DILOKASI","TRANSIT","TRANSIT","","TRANSIT","",""
"388","TERPASANG/TERKIRIM","TERPASANG/TERKIRIM","TERPASANG/TERKIRIM","TERPASANG/TERKIRIM","TERPASANG/TERKIRIM","","TERPASANG/TERKIRIM","PENGIRIMAN","TRANSIT","TERPASANG/TERKIRIM","TIBA DILOKASI","TRANSIT","TRANSIT","","TRANSIT","",""
"389","TERPASANG/TERKIRIM","TERPASANG/TERKIRIM","TERPASANG/TERKIRIM","TERPASANG/TERKIRIM","TERPASANG/TERKIRIM","TERPASANG/TERKIRIM","TERPASANG/TERKIRIM","TERPASANG/TERKIRIM","TERPASANG/TERKIRIM","TERPASANG/TERKIRIM","TIBA DILOKASI","TRANSIT","TRANSIT","TERPASANG/TERKIRIM","TRANSIT","",""
"390","TERPASANG/TERKIRIM","TERPASANG/TERKIRIM","TERPASANG/TERKIRIM","TERPASANG/TERKIRIM","TERPASANG/TERKIRIM","","TERPASANG/TERKIRIM","PENGIRIMAN","TRANSIT","TERPASANG/TERKIRIM","TIBA DILOKASI","TRANSIT","TRANSIT","","TRANSIT","",""
"391","TERPASANG/TERKIRIM","TERPASANG/TERKIRIM","TERPASANG/TERKIRIM","TERPASANG/TERKIRIM","TERPASANG/TERKIRIM","","TERPASANG/TERKIRIM","PENGIRIMAN","TRANSIT","TERPASANG/TERKIRIM","TIBA DILOKASI","TRANSIT","TRANSIT","","TRANSIT","",""
"392","TERPASANG/TERKIRIM","TERPASANG/TERKIRIM","TERPASANG/TERKIRIM","TERPASANG/TERKIRIM","TERPASANG/TERKIRIM","","TERPASANG/TERKIRIM","PENGIRIMAN","TRANSIT","TERPASANG/TERKIRIM","TIBA DILOKASI","TRANSIT","TRANSIT","","TRANSIT","",""
"393","TERPASANG/TERKIRIM","TERPASANG/TERKIRIM","TERPASANG/TERKIRIM","TERPASANG/TERKIRIM","TERPASANG/TERKIRIM","","TERPASANG/TERKIRIM","PENGIRIMAN","TRANSIT","TERPASANG/TERKIRIM","TIBA DILOKASI","TRANSIT","TRANSIT","","TRANSIT","",""
"394","TERPASANG/TERKIRIM","TERPASANG/TERKIRIM","TERPASANG/TERKIRIM","TERPASANG/TERKIRIM","TERPASANG/TERKIRIM","","TERPASANG/TERKIRIM","PENGIRIMAN","TRANSIT","TERPASANG/TERKIRIM","TIBA DILOKASI","TRANSIT","TRANSIT","","TRANSIT","",""
"395","TERPASANG/TERKIRIM","TERPASANG/TERKIRIM","TERPASANG/TERKIRIM","TERPASANG/TERKIRIM","TERPASANG/TERKIRIM","TERPASANG/TERKIRIM","TERPASANG/TERKIRIM","PENGIRIMAN","TRANSIT","TERPASANG/TERKIRIM","TIBA DILOKASI","TRANSIT","TRANSIT","","TRANSIT","",""
"396","TERPASANG/TERKIRIM","TERPASANG/TERKIRIM","TERPASANG/TERKIRIM","TERPASANG/TERKIRIM","TERPASANG/TERKIRIM","TERPASANG/TERKIRIM","TERPASANG/TERKIRIM","TERPASANG/TERKIRIM","TERPASANG/TERKIRIM","TERPASANG/TERKIRIM","TIBA DILOKASI","TRANSIT","TRANSIT","TERPASANG/TERKIRIM","TRANSIT","",""
"397","TERPASANG/TERKIRIM","TERPASANG/TERKIRIM","TERPASANG/TERKIRIM","TERPASANG/TERKIRIM","TERPASANG/TERKIRIM","","TERPASANG/TERKIRIM","TERPASANG/TERKIRIM","TERPASANG/TERKIRIM","TERPASANG/TERKIRIM","TIBA DILOKASI","TRANSIT","TRANSIT","TERPASANG/TERKIRIM","TRANSIT","",""
"398","TERPASANG/TERKIRIM","TERPASANG/TERKIRIM","TERPASANG/TERKIRIM","TERPASANG/TERKIRIM","TERPASANG/TERKIRIM","","TERPASANG/TERKIRIM","TERPASANG/TERKIRIM","TERPASANG/TERKIRIM","TERPASANG/TERKIRIM","TIBA DILOKASI","TRANSIT","TRANSIT","TERPASANG/TERKIRIM","TRANSIT","",""
"399","TERPASANG/TERKIRIM","TERPASANG/TERKIRIM","TERPASANG/TERKIRIM","TERPASANG/TERKIRIM","TERPASANG/TERKIRIM","TERPASANG/TERKIRIM","TERPASANG/TERKIRIM","TERPASANG/TERKIRIM","TERPASANG/TERKIRIM","TERPASANG/TERKIRIM","TIBA DILOKASI","TRANSIT","TRANSIT","TERPASANG/TERKIRIM","TRANSIT","",""
"400","TERPASANG/TERKIRIM","TERPASANG/TERKIRIM","TERPASANG/TERKIRIM","TERPASANG/TERKIRIM","TERPASANG/TERKIRIM","","TERPASANG/TERKIRIM","PENGIRIMAN","TRANSIT","TERPASANG/TERKIRIM","TIBA DILOKASI","TRANSIT","TRANSIT","","TRANSIT","",""
"401","TERPASANG/TERKIRIM","TERPASANG/TERKIRIM","TERPASANG/TERKIRIM","TERPASANG/TERKIRIM","TERPASANG/TERKIRIM","TERPASANG/TERKIRIM","TERPASANG/TERKIRIM","TERPASANG/TERKIRIM","TERPASANG/TERKIRIM","TERPASANG/TERKIRIM","TIBA DILOKASI","TRANSIT","TRANSIT","TERPASANG/TERKIRIM","TRANSIT","",""
"402","TERPASANG/TERKIRIM","TERPASANG/TERKIRIM","TERPASANG/TERKIRIM","TERPASANG/TERKIRIM","TERPASANG/TERKIRIM","TERPASANG/TERKIRIM","TERPASANG/TERKIRIM","TERPASANG/TERKIRIM","TERPASANG/TERKIRIM","TERPASANG/TERKIRIM","TIBA DILOKASI","TRANSIT","TRANSIT","TERPASANG/TERKIRIM","TRANSIT","",""
"403","TERPASANG/TERKIRIM","TERPASANG/TERKIRIM","TERPASANG/TERKIRIM","TERPASANG/TERKIRIM","TERPASANG/TERKIRIM","","TERPASANG/TERKIRIM","","PENGIRIMAN","TERPASANG/TERKIRIM","TIBA DILOKASI","TRANSIT","TRANSIT","","TRANSIT","",""
"404","TERPASANG/TERKIRIM","TERPASANG/TERKIRIM","TERPASANG/TERKIRIM","TERPASANG/TERKIRIM","TERPASANG/TERKIRIM","","TERPASANG/TERKIRIM","","PENGIRIMAN","TERPASANG/TERKIRIM","TIBA DILOKASI","TRANSIT","TRANSIT","","TRANSIT","",""
"405","TERPASANG/TERKIRIM","TERPASANG/TERKIRIM","TERPASANG/TERKIRIM","TERPASANG/TERKIRIM","TERPASANG/TERKIRIM","","TERPASANG/TERKIRIM","","PENGIRIMAN","TERPASANG/TERKIRIM","TIBA DILOKASI","TRANSIT","TRANSIT","","TRANSIT","",""
"406","TERPASANG/TERKIRIM","TERPASANG/TERKIRIM","TERPASANG/TERKIRIM","TERPASANG/TERKIRIM","TERPASANG/TERKIRIM","TERPASANG/TERKIRIM","TERPASANG/TERKIRIM","TERPASANG/TERKIRIM","TERPASANG/TERKIRIM","TERPASANG/TERKIRIM","TIBA DILOKASI","TRANSIT","TRANSIT","TERPASANG/TERKIRIM","TRANSIT","",""
"407","TERPASANG/TERKIRIM","TERPASANG/TERKIRIM","TERPASANG/TERKIRIM","TERPASANG/TERKIRIM","TERPASANG/TERKIRIM","","TERPASANG/TERKIRIM","","PENGIRIMAN","TERPASANG/TERKIRIM","TIBA DILOKASI","TRANSIT","TRANSIT","","TRANSIT","",""
"408","TERPASANG/TERKIRIM","TERPASANG/TERKIRIM","TERPASANG/TERKIRIM","TERPASANG/TERKIRIM","TERPASANG/TERKIRIM","","TERPASANG/TERKIRIM","","PENGIRIMAN","TERPASANG/TERKIRIM","TIBA DILOKASI","TRANSIT","TRANSIT","","TRANSIT","",""
"409","TERPASANG/TERKIRIM","TERPASANG/TERKIRIM","TERPASANG/TERKIRIM","TERPASANG/TERKIRIM","TERPASANG/TERKIRIM","","TERPASANG/TERKIRIM","","PENGIRIMAN","TERPASANG/TERKIRIM","TIBA DILOKASI","TRANSIT","TRANSIT","","TRANSIT","",""
"410","TERPASANG/TERKIRIM","TERPASANG/TERKIRIM","TERPASANG/TERKIRIM","TERPASANG/TERKIRIM","TERPASANG/TERKIRIM","","TERPASANG/TERKIRIM","","PENGIRIMAN","TERPASANG/TERKIRIM","TIBA DILOKASI","TRANSIT","TRANSIT","","TRANSIT","",""
"411","TERPASANG/TERKIRIM","TERPASANG/TERKIRIM","TERPASANG/TERKIRIM","TERPASANG/TERKIRIM","TERPASANG/TERKIRIM","","TERPASANG/TERKIRIM","","PENGIRIMAN","TERPASANG/TERKIRIM","TIBA DILOKASI","TRANSIT","TRANSIT","","TRANSIT","",""
"412","TERPASANG/TERKIRIM","TERPASANG/TERKIRIM","TERPASANG/TERKIRIM","TERPASANG/TERKIRIM","TERPASANG/TERKIRIM","","TERPASANG/TERKIRIM","","PENGIRIMAN","TERPASANG/TERKIRIM","TIBA DILOKASI","TRANSIT","TRANSIT","","TRANSIT","",""
"413","TERPASANG/TERKIRIM","TERPASANG/TERKIRIM","TERPASANG/TERKIRIM","TERPASANG/TERKIRIM","TERPASANG/TERKIRIM","","TERPASANG/TERKIRIM","","PENGIRIMAN","TERPASANG/TERKIRIM","TIBA DILOKASI","TRANSIT","TRANSIT","","TRANSIT","",""
"414","TERPASANG/TERKIRIM","TERPASANG/TERKIRIM","TERPASANG/TERKIRIM","TERPASANG/TERKIRIM","TERPASANG/TERKIRIM","","TERPASANG/TERKIRIM","","PENGIRIMAN","TERPASANG/TERKIRIM","TIBA DILOKASI","TRANSIT","TRANSIT","","TRANSIT","",""
"415","TERPASANG/TERKIRIM","TERPASANG/TERKIRIM","TERPASANG/TERKIRIM","TERPASANG/TERKIRIM","TERPASANG/TERKIRIM","","TERPASANG/TERKIRIM","","PENGIRIMAN","TERPASANG/TERKIRIM","TIBA DILOKASI","TRANSIT","TRANSIT","","TRANSIT","",""
"416","TERPASANG/TERKIRIM","TERPASANG/TERKIRIM","TERPASANG/TERKIRIM","TERPASANG/TERKIRIM","TERPASANG/TERKIRIM","","TERPASANG/TERKIRIM","","PENGIRIMAN","TERPASANG/TERKIRIM","TIBA DILOKASI","TRANSIT","TRANSIT","","TRANSIT","",""
"417","TERPASANG/TERKIRIM","TERPASANG/TERKIRIM","TERPASANG/TERKIRIM","TERPASANG/TERKIRIM","TERPASANG/TERKIRIM","","TERPASANG/TERKIRIM","","PENGIRIMAN","TERPASANG/TERKIRIM","TIBA DILOKASI","TRANSIT","TRANSIT","","TRANSIT","",""
"418","TERPASANG/TERKIRIM","TERPASANG/TERKIRIM","TERPASANG/TERKIRIM","TERPASANG/TERKIRIM","TERPASANG/TERKIRIM","","TERPASANG/TERKIRIM","","TERPASANG/TERKIRIM","TERPASANG/TERKIRIM","TIBA DILOKASI","TRANSIT","TRANSIT","","TRANSIT","",""
"419","TERPASANG/TERKIRIM","TERPASANG/TERKIRIM","TERPASANG/TERKIRIM","TERPASANG/TERKIRIM","TERPASANG/TERKIRIM","","TERPASANG/TERKIRIM","","PENGIRIMAN","TERPASANG/TERKIRIM","TIBA DILOKASI","TRANSIT","TRANSIT","","TRANSIT","",""
"420","TERPASANG/TERKIRIM","TERPASANG/TERKIRIM","TERPASANG/TERKIRIM","TERPASANG/TERKIRIM","TERPASANG/TERKIRIM","","TERPASANG/TERKIRIM","","TERPASANG/TERKIRIM","TERPASANG/TERKIRIM","TIBA DILOKASI","TRANSIT","TRANSIT","","TRANSIT","",""
"421","TERPASANG/TERKIRIM","TERPASANG/TERKIRIM","TERPASANG/TERKIRIM","TERPASANG/TERKIRIM","TERPASANG/TERKIRIM","","TERPASANG/TERKIRIM","","PENGIRIMAN","TERPASANG/TERKIRIM","TIBA DILOKASI","TRANSIT","TRANSIT","","TRANSIT","",""
"422","TERPASANG/TERKIRIM","TERPASANG/TERKIRIM","TERPASANG/TERKIRIM","TERPASANG/TERKIRIM","TERPASANG/TERKIRIM","","TERPASANG/TERKIRIM","","PENGIRIMAN","TERPASANG/TERKIRIM","TIBA DILOKASI","TRANSIT","TRANSIT","","TRANSIT","",""
"423","TERPASANG/TERKIRIM","TERPASANG/TERKIRIM","TERPASANG/TERKIRIM","TERPASANG/TERKIRIM","TERPASANG/TERKIRIM","","TERPASANG/TERKIRIM","","PENGIRIMAN","TERPASANG/TERKIRIM","TIBA DILOKASI","TRANSIT","TRANSIT","","TRANSIT","",""
"424","TERPASANG/TERKIRIM","TERPASANG/TERKIRIM","TERPASANG/TERKIRIM","TERPASANG/TERKIRIM","PENGIRIMAN","","TERPASANG/TERKIRIM","","PENGIRIMAN","TERPASANG/TERKIRIM","PENGIRIMAN","TRANSIT","TRANSIT","","TRANSIT","",""
"425","TERPASANG/TERKIRIM","TERPASANG/TERKIRIM","TERPASANG/TERKIRIM","TERPASANG/TERKIRIM","TERPASANG/TERKIRIM","","TERPASANG/TERKIRIM","","PENGIRIMAN","TERPASANG/TERKIRIM","PENGIRIMAN","TRANSIT","TRANSIT","","TRANSIT","",""
"426","TERPASANG/TERKIRIM","TERPASANG/TERKIRIM","TERPASANG/TERKIRIM","TERPASANG/TERKIRIM","TERPASANG/TERKIRIM","","TERPASANG/TERKIRIM","","PENGIRIMAN","TERPASANG/TERKIRIM","PENGIRIMAN","TRANSIT","TRANSIT","","TRANSIT","",""
"427","TERPASANG/TERKIRIM","TERPASANG/TERKIRIM","TERPASANG/TERKIRIM","TERPASANG/TERKIRIM","TERPASANG/TERKIRIM","","TERPASANG/TERKIRIM","","PENGIRIMAN","TERPASANG/TERKIRIM","TIBA DILOKASI","TRANSIT","TRANSIT","","TRANSIT","",""
"428","TERPASANG/TERKIRIM","TERPASANG/TERKIRIM","TERPASANG/TERKIRIM","TERPASANG/TERKIRIM","TERPASANG/TERKIRIM","","TERPASANG/TERKIRIM","","PENGIRIMAN","TERPASANG/TERKIRIM","PENGIRIMAN","TRANSIT","TRANSIT","","TRANSIT","",""
"429","TERPASANG/TERKIRIM","TERPASANG/TERKIRIM","TERPASANG/TERKIRIM","TERPASANG/TERKIRIM","TERPASANG/TERKIRIM","","TERPASANG/TERKIRIM","","PENGIRIMAN","TERPASANG/TERKIRIM","TIBA DILOKASI","TRANSIT","TRANSIT","","TRANSIT","",""
"430","TERPASANG/TERKIRIM","TERPASANG/TERKIRIM","TERPASANG/TERKIRIM","TERPASANG/TERKIRIM","TERPASANG/TERKIRIM","","TERPASANG/TERKIRIM","","PENGIRIMAN","TERPASANG/TERKIRIM","PENGIRIMAN","TRANSIT","TRANSIT","","TRANSIT","",""
"431","TERPASANG/TERKIRIM","TERPASANG/TERKIRIM","TERPASANG/TERKIRIM","TERPASANG/TERKIRIM","TERPASANG/TERKIRIM","","TERPASANG/TERKIRIM","","PENGIRIMAN","TERPASANG/TERKIRIM","PENGIRIMAN","TRANSIT","TRANSIT","","TRANSIT","",""
"432","TERPASANG/TERKIRIM","TERPASANG/TERKIRIM","TERPASANG/TERKIRIM","TERPASANG/TERKIRIM","TERPASANG/TERKIRIM","","TERPASANG/TERKIRIM","","PENGIRIMAN","TERPASANG/TERKIRIM","TIBA DILOKASI","TRANSIT","TRANSIT","","TRANSIT","",""
"433","TERPASANG/TERKIRIM","TRANSIT","TRANSIT","TERPASANG/TERKIRIM","TERPASANG/TERKIRIM","","TERPASANG/TERKIRIM","","PENGIRIMAN","TERPASANG/TERKIRIM","TIBA DILOKASI","TRANSIT","TRANSIT","","TRANSIT","",""
"434","TERPASANG/TERKIRIM","TRANSIT","TRANSIT","TERPASANG/TERKIRIM","TERPASANG/TERKIRIM","","TERPASANG/TERKIRIM","","TERPASANG/TERKIRIM","TERPASANG/TERKIRIM","TIBA DILOKASI","TRANSIT","TRANSIT","","TRANSIT","",""
"435","TERPASANG/TERKIRIM","TERPASANG/TERKIRIM","TERPASANG/TERKIRIM","TERPASANG/TERKIRIM","TERPASANG/TERKIRIM","TERPASANG/TERKIRIM","TERPASANG/TERKIRIM","TERPASANG/TERKIRIM","TERPASANG/TERKIRIM","TERPASANG/TERKIRIM","TIBA DILOKASI","TRANSIT","TRANSIT","TERPASANG/TERKIRIM","TRANSIT","",""
"436","TERPASANG/TERKIRIM","TRANSIT","TRANSIT","TERPASANG/TERKIRIM","TERPASANG/TERKIRIM","","TERPASANG/TERKIRIM","","TERPASANG/TERKIRIM","TERPASANG/TERKIRIM","TIBA DILOKASI","TRANSIT","TRANSIT","","TRANSIT","",""
"437","TERPASANG/TERKIRIM","TRANSIT","TRANSIT","TERPASANG/TERKIRIM","TERPASANG/TERKIRIM","","TERPASANG/TERKIRIM","","PENGIRIMAN","TERPASANG/TERKIRIM","PENGIRIMAN","TRANSIT","TRANSIT","","TRANSIT","",""
"438","TERPASANG/TERKIRIM","TRANSIT","TRANSIT","TERPASANG/TERKIRIM","TERPASANG/TERKIRIM","","TERPASANG/TERKIRIM","","PENGIRIMAN","TERPASANG/TERKIRIM","TIBA DILOKASI","TRANSIT","TRANSIT","","TRANSIT","",""
"439","TERPASANG/TERKIRIM","TRANSIT","TRANSIT","TERPASANG/TERKIRIM","TERPASANG/TERKIRIM","","TERPASANG/TERKIRIM","","PENGIRIMAN","TERPASANG/TERKIRIM","TIBA DILOKASI","TRANSIT","TRANSIT","","TRANSIT","",""
"440","TERPASANG/TERKIRIM","TRANSIT","TRANSIT","TERPASANG/TERKIRIM","TERPASANG/TERKIRIM","","TERPASANG/TERKIRIM","","PENGIRIMAN","TERPASANG/TERKIRIM","PENGIRIMAN","TRANSIT","TRANSIT","","TRANSIT","",""
"441","TERPASANG/TERKIRIM","TRANSIT","TRANSIT","TERPASANG/TERKIRIM","TERPASANG/TERKIRIM","","TERPASANG/TERKIRIM","","PENGIRIMAN","TERPASANG/TERKIRIM","TIBA DILOKASI","TRANSIT","TRANSIT","","TRANSIT","",""
"442","TERPASANG/TERKIRIM","TRANSIT","TRANSIT","TERPASANG/TERKIRIM","TERPASANG/TERKIRIM","","TERPASANG/TERKIRIM","","PENGIRIMAN","TERPASANG/TERKIRIM","PENGIRIMAN","TRANSIT","TRANSIT","","TRANSIT","",""
"443","TERPASANG/TERKIRIM","TRANSIT","TRANSIT","TERPASANG/TERKIRIM","TERPASANG/TERKIRIM","","TERPASANG/TERKIRIM","","PENGIRIMAN","TERPASANG/TERKIRIM","PENGIRIMAN","TRANSIT","TRANSIT","","TRANSIT","",""
"444","TERPASANG/TERKIRIM","TRANSIT","TRANSIT","TERPASANG/TERKIRIM","TERPASANG/TERKIRIM","","TERPASANG/TERKIRIM","","PENGIRIMAN","TERPASANG/TERKIRIM","PENGIRIMAN","TRANSIT","TRANSIT","","TRANSIT","",""
"445","TERPASANG/TERKIRIM","TRANSIT","TRANSIT","TERPASANG/TERKIRIM","TERPASANG/TERKIRIM","","TERPASANG/TERKIRIM","","PENGIRIMAN","TERPASANG/TERKIRIM","PENGIRIMAN","TRANSIT","TRANSIT","","TRANSIT","",""
"446","TERPASANG/TERKIRIM","TRANSIT","TRANSIT","TERPASANG/TERKIRIM","TERPASANG/TERKIRIM","","TERPASANG/TERKIRIM","","PENGIRIMAN","TERPASANG/TERKIRIM","PENGIRIMAN","TRANSIT","TRANSIT","","TRANSIT","",""
"447","TERPASANG/TERKIRIM","TRANSIT","TRANSIT","TERPASANG/TERKIRIM","TERPASANG/TERKIRIM","","TERPASANG/TERKIRIM","","PENGIRIMAN","TERPASANG/TERKIRIM","TIBA DILOKASI","TRANSIT","TRANSIT","","TRANSIT","",""
"448","TERPASANG/TERKIRIM","TRANSIT","TRANSIT","TERPASANG/TERKIRIM","TERPASANG/TERKIRIM","","TERPASANG/TERKIRIM","","PENGIRIMAN","TERPASANG/TERKIRIM","PENGIRIMAN","TRANSIT","TRANSIT","","TRANSIT","",""
"449","TERPASANG/TERKIRIM","TRANSIT","TRANSIT","TERPASANG/TERKIRIM","TERPASANG/TERKIRIM","","TERPASANG/TERKIRIM","","PENGIRIMAN","TERPASANG/TERKIRIM","TIBA DILOKASI","TRANSIT","TRANSIT","","TRANSIT","",""
"450","TERPASANG/TERKIRIM","TRANSIT","TRANSIT","TERPASANG/TERKIRIM","TERPASANG/TERKIRIM","","TERPASANG/TERKIRIM","","PENGIRIMAN","TERPASANG/TERKIRIM","TIBA DILOKASI","TRANSIT","TRANSIT","","TRANSIT","",""
"451","TERPASANG/TERKIRIM","TIBA DILOKASI","TIBA DILOKASI","TERPASANG/TERKIRIM","PENGIRIMAN","PENGIRIMAN","TERPASANG/TERKIRIM","","TERPASANG/TERKIRIM","TERPASANG/TERKIRIM","TIBA DILOKASI","PENGIRIMAN","","","TRANSIT","",""
"452","TERPASANG/TERKIRIM","TIBA DILOKASI","TIBA DILOKASI","TERPASANG/TERKIRIM","PENGIRIMAN","PENGIRIMAN","TERPASANG/TERKIRIM","","TERPASANG/TERKIRIM","TERPASANG/TERKIRIM","TIBA DILOKASI","PENGIRIMAN","","","TRANSIT","",""
"453","TERPASANG/TERKIRIM","TIBA DILOKASI","TIBA DILOKASI","TERPASANG/TERKIRIM","PENGIRIMAN","PENGIRIMAN","TERPASANG/TERKIRIM","TERPASANG/TERKIRIM","TERPASANG/TERKIRIM","TERPASANG/TERKIRIM","TIBA DILOKASI","PENGIRIMAN","","","TRANSIT","",""
"454","TERPASANG/TERKIRIM","TIBA DILOKASI","TIBA DILOKASI","TERPASANG/TERKIRIM","PENGIRIMAN","PENGIRIMAN","TERPASANG/TERKIRIM","TERPASANG/TERKIRIM","TERPASANG/TERKIRIM","TERPASANG/TERKIRIM","TIBA DILOKASI","PENGIRIMAN","","","TRANSIT","",""
"455","TERPASANG/TERKIRIM","TIBA DILOKASI","TIBA DILOKASI","TERPASANG/TERKIRIM","PENGIRIMAN","PENGIRIMAN","TERPASANG/TERKIRIM","TERPASANG/TERKIRIM","TERPASANG/TERKIRIM","TERPASANG/TERKIRIM","TIBA DILOKASI","PENGIRIMAN","","","TRANSIT","",""
"456","TERPASANG/TERKIRIM","TIBA DILOKASI","TIBA DILOKASI","TERPASANG/TERKIRIM","PENGIRIMAN","PENGIRIMAN","TERPASANG/TERKIRIM","TERPASANG/TERKIRIM","TERPASANG/TERKIRIM","TERPASANG/TERKIRIM","TIBA DILOKASI","PENGIRIMAN","","","TRANSIT","",""
"457","TERPASANG/TERKIRIM","TIBA DILOKASI","TIBA DILOKASI","TERPASANG/TERKIRIM","PENGIRIMAN","PENGIRIMAN","TERPASANG/TERKIRIM","","TERPASANG/TERKIRIM","TERPASANG/TERKIRIM","TIBA DILOKASI","PENGIRIMAN","","","TRANSIT","",""
"458","TERPASANG/TERKIRIM","TIBA DILOKASI","TIBA DILOKASI","TERPASANG/TERKIRIM","PENGIRIMAN","PENGIRIMAN","TERPASANG/TERKIRIM","TERPASANG/TERKIRIM","TERPASANG/TERKIRIM","TERPASANG/TERKIRIM","TIBA DILOKASI","PENGIRIMAN","","","TRANSIT","",""
"459","TERPASANG/TERKIRIM","PENGIRIMAN","PENGIRIMAN","TERPASANG/TERKIRIM","PENGIRIMAN","PENGIRIMAN","TERPASANG/TERKIRIM","TERPASANG/TERKIRIM","TERPASANG/TERKIRIM","TERPASANG/TERKIRIM","TIBA DILOKASI","PENGIRIMAN","","","TRANSIT","",""
"460","TERPASANG/TERKIRIM","TIBA DILOKASI","TIBA DILOKASI","TERPASANG/TERKIRIM","PENGIRIMAN","PENGIRIMAN","TERPASANG/TERKIRIM","","TERPASANG/TERKIRIM","TERPASANG/TERKIRIM","TIBA DILOKASI","PENGIRIMAN","","","TRANSIT","",""
"461","TERPASANG/TERKIRIM","TIBA DILOKASI","TIBA DILOKASI","TERPASANG/TERKIRIM","PENGIRIMAN","PENGIRIMAN","TERPASANG/TERKIRIM","","TERPASANG/TERKIRIM","TERPASANG/TERKIRIM","TIBA DILOKASI","PENGIRIMAN","","","TRANSIT","",""
"462","TERPASANG/TERKIRIM","TIBA DILOKASI","TIBA DILOKASI","TERPASANG/TERKIRIM","PENGIRIMAN","PENGIRIMAN","TERPASANG/TERKIRIM","","TERPASANG/TERKIRIM","TERPASANG/TERKIRIM","TIBA DILOKASI","PENGIRIMAN","","","TRANSIT","",""
"463","TERPASANG/TERKIRIM","TIBA DILOKASI","TIBA DILOKASI","TERPASANG/TERKIRIM","PENGIRIMAN","PENGIRIMAN","TERPASANG/TERKIRIM","","TERPASANG/TERKIRIM","TERPASANG/TERKIRIM","TIBA DILOKASI","PENGIRIMAN","","","TRANSIT","",""
"464","TERPASANG/TERKIRIM","TIBA DILOKASI","TIBA DILOKASI","TERPASANG/TERKIRIM","PENGIRIMAN","PENGIRIMAN","TERPASANG/TERKIRIM","","TERPASANG/TERKIRIM","TERPASANG/TERKIRIM","TIBA DILOKASI","PENGIRIMAN","","","TRANSIT","",""
"465","TERPASANG/TERKIRIM","TIBA DILOKASI","TIBA DILOKASI","TERPASANG/TERKIRIM","PENGIRIMAN","PENGIRIMAN","TERPASANG/TERKIRIM","TERPASANG/TERKIRIM","TERPASANG/TERKIRIM","TERPASANG/TERKIRIM","TIBA DILOKASI","PENGIRIMAN","","","TRANSIT","",""
"466","TERPASANG/TERKIRIM","TIBA DILOKASI","TIBA DILOKASI","TERPASANG/TERKIRIM","PENGIRIMAN","PENGIRIMAN","TERPASANG/TERKIRIM","TERPASANG/TERKIRIM","TERPASANG/TERKIRIM","TERPASANG/TERKIRIM","TIBA DILOKASI","PENGIRIMAN","","","TRANSIT","",""
"467","TERPASANG/TERKIRIM","TIBA DILOKASI","TIBA DILOKASI","TERPASANG/TERKIRIM","PENGIRIMAN","PENGIRIMAN","TERPASANG/TERKIRIM","TERPASANG/TERKIRIM","TERPASANG/TERKIRIM","TERPASANG/TERKIRIM","TIBA DILOKASI","PENGIRIMAN","","","TRANSIT","",""
"468","TERPASANG/TERKIRIM","PENGIRIMAN","PENGIRIMAN","TERPASANG/TERKIRIM","PENGIRIMAN","PENGIRIMAN","TERPASANG/TERKIRIM","TERPASANG/TERKIRIM","TERPASANG/TERKIRIM","TERPASANG/TERKIRIM","TIBA DILOKASI","PENGIRIMAN","","","TRANSIT","",""
"469","TERPASANG/TERKIRIM","PENGIRIMAN","PENGIRIMAN","TERPASANG/TERKIRIM","PENGIRIMAN","PENGIRIMAN","TERPASANG/TERKIRIM","TERPASANG/TERKIRIM","TERPASANG/TERKIRIM","TERPASANG/TERKIRIM","TIBA DILOKASI","PENGIRIMAN","","","TRANSIT","",""
"470","TERPASANG/TERKIRIM","TIBA DILOKASI","TIBA DILOKASI","TERPASANG/TERKIRIM","PENGIRIMAN","PENGIRIMAN","TERPASANG/TERKIRIM","TERPASANG/TERKIRIM","TERPASANG/TERKIRIM","TERPASANG/TERKIRIM","TIBA DILOKASI","PENGIRIMAN","","","TRANSIT","",""
"471","TERPASANG/TERKIRIM","TIBA DILOKASI","TIBA DILOKASI","TERPASANG/TERKIRIM","PENGIRIMAN","PENGIRIMAN","TERPASANG/TERKIRIM","TERPASANG/TERKIRIM","TERPASANG/TERKIRIM","TERPASANG/TERKIRIM","TIBA DILOKASI","PENGIRIMAN","","","TRANSIT","",""
"472","TERPASANG/TERKIRIM","TIBA DILOKASI","TIBA DILOKASI","TERPASANG/TERKIRIM","PENGIRIMAN","PENGIRIMAN","TERPASANG/TERKIRIM","TERPASANG/TERKIRIM","TERPASANG/TERKIRIM","TERPASANG/TERKIRIM","TIBA DILOKASI","PENGIRIMAN","","","TRANSIT","",""
"473","TERPASANG/TERKIRIM","TIBA DILOKASI","TIBA DILOKASI","TERPASANG/TERKIRIM","PENGIRIMAN","PENGIRIMAN","TERPASANG/TERKIRIM","TERPASANG/TERKIRIM","TERPASANG/TERKIRIM","TERPASANG/TERKIRIM","TIBA DILOKASI","PENGIRIMAN","","","TRANSIT","",""
"474","TERPASANG/TERKIRIM","TIBA DILOKASI","TIBA DILOKASI","TERPASANG/TERKIRIM","PENGIRIMAN","","TERPASANG/TERKIRIM","TERPASANG/TERKIRIM","TERPASANG/TERKIRIM","TERPASANG/TERKIRIM","TIBA DILOKASI","PENGIRIMAN","","","TRANSIT","",""
"475","TERPASANG/TERKIRIM","PENGIRIMAN","PENGIRIMAN","TERPASANG/TERKIRIM","PENGIRIMAN","","TERPASANG/TERKIRIM","TERPASANG/TERKIRIM","TERPASANG/TERKIRIM","TERPASANG/TERKIRIM","TIBA DILOKASI","PENGIRIMAN","","","TRANSIT","",""
"476","TERPASANG/TERKIRIM","TIBA DILOKASI","TIBA DILOKASI","TERPASANG/TERKIRIM","PENGIRIMAN","","TERPASANG/TERKIRIM","","TERPASANG/TERKIRIM","TERPASANG/TERKIRIM","TIBA DILOKASI","PENGIRIMAN","","","TRANSIT","",""
"477","TERPASANG/TERKIRIM","TIBA DILOKASI","TIBA DILOKASI","TERPASANG/TERKIRIM","PENGIRIMAN","","TERPASANG/TERKIRIM","TERPASANG/TERKIRIM","TERPASANG/TERKIRIM","TERPASANG/TERKIRIM","TIBA DILOKASI","PENGIRIMAN","","","TRANSIT","",""
"478","TERPASANG/TERKIRIM","TIBA DILOKASI","TIBA DILOKASI","TERPASANG/TERKIRIM","PENGIRIMAN","","TERPASANG/TERKIRIM","TERPASANG/TERKIRIM","TERPASANG/TERKIRIM","TERPASANG/TERKIRIM","TIBA DILOKASI","PENGIRIMAN","","","TRANSIT","",""
"479","TERPASANG/TERKIRIM","TIBA DILOKASI","TIBA DILOKASI","TERPASANG/TERKIRIM","PENGIRIMAN","","TERPASANG/TERKIRIM","PENGIRIMAN","TERPASANG/TERKIRIM","TERPASANG/TERKIRIM","TIBA DILOKASI","PENGIRIMAN","","","TRANSIT","",""
"480","TERPASANG/TERKIRIM","TIBA DILOKASI","TIBA DILOKASI","TERPASANG/TERKIRIM","PENGIRIMAN","","TERPASANG/TERKIRIM","TERPASANG/TERKIRIM","TERPASANG/TERKIRIM","TERPASANG/TERKIRIM","TIBA DILOKASI","PENGIRIMAN","","","TRANSIT","",""
"481","TERPASANG/TERKIRIM","PENGIRIMAN","PENGIRIMAN","TERPASANG/TERKIRIM","PENGIRIMAN","","TERPASANG/TERKIRIM","TERPASANG/TERKIRIM","TERPASANG/TERKIRIM","TERPASANG/TERKIRIM","TIBA DILOKASI","PENGIRIMAN","","","TRANSIT","",""
"482","TERPASANG/TERKIRIM","TIBA DILOKASI","TIBA DILOKASI","TERPASANG/TERKIRIM","PENGIRIMAN","","TERPASANG/TERKIRIM","TERPASANG/TERKIRIM","TERPASANG/TERKIRIM","TERPASANG/TERKIRIM","TIBA DILOKASI","PENGIRIMAN","","","TRANSIT","",""
"483","TERPASANG/TERKIRIM","TIBA DILOKASI","TIBA DILOKASI","TERPASANG/TERKIRIM","PENGIRIMAN","TERPASANG/TERKIRIM","TERPASANG/TERKIRIM","","TRANSIT","TERPASANG/TERKIRIM","TIBA DILOKASI","PENGIRIMAN","","","TRANSIT","",""
"484","TERPASANG/TERKIRIM","TIBA DILOKASI","TIBA DILOKASI","TERPASANG/TERKIRIM","PENGIRIMAN","","TERPASANG/TERKIRIM","","TRANSIT","TERPASANG/TERKIRIM","TIBA DILOKASI","PENGIRIMAN","","","TRANSIT","",""
"485","TERPASANG/TERKIRIM","TIBA DILOKASI","TIBA DILOKASI","TERPASANG/TERKIRIM","PENGIRIMAN","","TERPASANG/TERKIRIM","","TRANSIT","TERPASANG/TERKIRIM","TIBA DILOKASI","PENGIRIMAN","","","TRANSIT","",""
"486","TERPASANG/TERKIRIM","TIBA DILOKASI","TIBA DILOKASI","TERPASANG/TERKIRIM","PENGIRIMAN","","TERPASANG/TERKIRIM","PENGIRIMAN","PENGIRIMAN","TERPASANG/TERKIRIM","TIBA DILOKASI","PENGIRIMAN","","","TRANSIT","",""
"487","TERPASANG/TERKIRIM","TIBA DILOKASI","TIBA DILOKASI","TERPASANG/TERKIRIM","PENGIRIMAN","","TERPASANG/TERKIRIM","","TERPASANG/TERKIRIM","TERPASANG/TERKIRIM","TIBA DILOKASI","PENGIRIMAN","","","TRANSIT","",""
"488","TERPASANG/TERKIRIM","TIBA DILOKASI","TIBA DILOKASI","TERPASANG/TERKIRIM","PENGIRIMAN","","TERPASANG/TERKIRIM","TERPASANG/TERKIRIM","TERPASANG/TERKIRIM","TERPASANG/TERKIRIM","TIBA DILOKASI","PENGIRIMAN","","","TRANSIT","",""
"489","TERPASANG/TERKIRIM","TIBA DILOKASI","TIBA DILOKASI","TERPASANG/TERKIRIM","PENGIRIMAN","","TERPASANG/TERKIRIM","TERPASANG/TERKIRIM","TERPASANG/TERKIRIM","TRANSIT","TIBA DILOKASI","PENGIRIMAN","","","TRANSIT","",""
"490","TERPASANG/TERKIRIM","TIBA DILOKASI","TIBA DILOKASI","TERPASANG/TERKIRIM","PENGIRIMAN","","TERPASANG/TERKIRIM","TERPASANG/TERKIRIM","TERPASANG/TERKIRIM","TRANSIT","TIBA DILOKASI","PENGIRIMAN","","","TRANSIT","",""
"491","TERPASANG/TERKIRIM","PENGIRIMAN","PENGIRIMAN","TERPASANG/TERKIRIM","PENGIRIMAN","","TERPASANG/TERKIRIM","TERPASANG/TERKIRIM","TERPASANG/TERKIRIM","TRANSIT","TIBA DILOKASI","PENGIRIMAN","","","TRANSIT","",""
"492","TERPASANG/TERKIRIM","PENGIRIMAN","PENGIRIMAN","TERPASANG/TERKIRIM","PENGIRIMAN","","TERPASANG/TERKIRIM","","TRANSIT","TRANSIT","TIBA DILOKASI","PENGIRIMAN","","","TRANSIT","",""
"493","TERPASANG/TERKIRIM","PENGIRIMAN","PENGIRIMAN","TERPASANG/TERKIRIM","PENGIRIMAN","","TERPASANG/TERKIRIM","","TRANSIT","TRANSIT","TIBA DILOKASI","PENGIRIMAN","","","TRANSIT","",""
"494","TERPASANG/TERKIRIM","PENGIRIMAN","PENGIRIMAN","TERPASANG/TERKIRIM","PENGIRIMAN","","TERPASANG/TERKIRIM","","PENGIRIMAN","TRANSIT","TIBA DILOKASI","PENGIRIMAN","","","TRANSIT","",""
"495","TERPASANG/TERKIRIM","PENGIRIMAN","PENGIRIMAN","TERPASANG/TERKIRIM","PENGIRIMAN","","TERPASANG/TERKIRIM","","PENGIRIMAN","TRANSIT","TIBA DILOKASI","PENGIRIMAN","","","TRANSIT","",""
"496","TERPASANG/TERKIRIM","TIBA DILOKASI","TIBA DILOKASI","TERPASANG/TERKIRIM","PENGIRIMAN","","TERPASANG/TERKIRIM","","TRANSIT","TRANSIT","TIBA DILOKASI","PENGIRIMAN","","","TRANSIT","",""
"497","TERPASANG/TERKIRIM","PENGIRIMAN","PENGIRIMAN","TERPASANG/TERKIRIM","PENGIRIMAN","","TERPASANG/TERKIRIM","","TRANSIT","TRANSIT","TIBA DILOKASI","PENGIRIMAN","","","TRANSIT","",""
"498","TERPASANG/TERKIRIM","PENGIRIMAN","PENGIRIMAN","TERPASANG/TERKIRIM","PENGIRIMAN","","TERPASANG/TERKIRIM","","PENGIRIMAN","TRANSIT","TIBA DILOKASI","PENGIRIMAN","","","TRANSIT","",""
"499","TERPASANG/TERKIRIM","PENGIRIMAN","PENGIRIMAN","TERPASANG/TERKIRIM","PENGIRIMAN","","TERPASANG/TERKIRIM","","TRANSIT","TRANSIT","TIBA DILOKASI","PENGIRIMAN","","","TRANSIT","",""
"500","TERPASANG/TERKIRIM","PENGIRIMAN","PENGIRIMAN","TERPASANG/TERKIRIM","PENGIRIMAN","","TERPASANG/TERKIRIM","","TRANSIT","TRANSIT","TIBA DILOKASI","PENGIRIMAN","","","TRANSIT","",""
"501","TERPASANG/TERKIRIM","PENGIRIMAN","PENGIRIMAN","TERPASANG/TERKIRIM","PENGIRIMAN","","TERPASANG/TERKIRIM","","PENGIRIMAN","TRANSIT","TIBA DILOKASI","PENGIRIMAN","","","TRANSIT","",""
"502","TERPASANG/TERKIRIM","PENGIRIMAN","PENGIRIMAN","TERPASANG/TERKIRIM","PENGIRIMAN","","TERPASANG/TERKIRIM","","TRANSIT","TRANSIT","TIBA DILOKASI","PENGIRIMAN","","","TRANSIT","",""
"503","","","","","","","","","","","","","","","","",""
"504","TERPASANG/TERKIRIM","PENGIRIMAN","PENGIRIMAN","TERPASANG/TERKIRIM","PENGIRIMAN","","TERPASANG/TERKIRIM","","TRANSIT","TRANSIT","TIBA DILOKASI","PENGIRIMAN","","","TRANSIT","",""
"505","TERPASANG/TERKIRIM","PENGIRIMAN","PENGIRIMAN","TERPASANG/TERKIRIM","PENGIRIMAN","","TERPASANG/TERKIRIM","","TRANSIT","TRANSIT","TIBA DILOKASI","PENGIRIMAN","","","TRANSIT","",""
"506","TERPASANG/TERKIRIM","PENGIRIMAN","PENGIRIMAN","TERPASANG/TERKIRIM","PENGIRIMAN","","TERPASANG/TERKIRIM","","TRANSIT","TRANSIT","TIBA DILOKASI","PENGIRIMAN","","","TRANSIT","",""
"507","TERPASANG/TERKIRIM","PENGIRIMAN","PENGIRIMAN","TERPASANG/TERKIRIM","PENGIRIMAN","","TERPASANG/TERKIRIM","","TERPASANG/TERKIRIM","TRANSIT","TIBA DILOKASI","PENGIRIMAN","","","TRANSIT","",""
"508","TERPASANG/TERKIRIM","PENGIRIMAN","PENGIRIMAN","TERPASANG/TERKIRIM","PENGIRIMAN","","TERPASANG/TERKIRIM","","TERPASANG/TERKIRIM","TRANSIT","TIBA DILOKASI","PENGIRIMAN","","","TRANSIT","",""
"509","TERPASANG/TERKIRIM","PENGIRIMAN","PENGIRIMAN","TERPASANG/TERKIRIM","PENGIRIMAN","","TERPASANG/TERKIRIM","","TRANSIT","TRANSIT","TIBA DILOKASI","PENGIRIMAN","","","TRANSIT","",""
"510","TERPASANG/TERKIRIM","PENGIRIMAN","PENGIRIMAN","TERPASANG/TERKIRIM","PENGIRIMAN","","TERPASANG/TERKIRIM","","TRANSIT","TRANSIT","TIBA DILOKASI","PENGIRIMAN","","","TRANSIT","",""
"511","TERPASANG/TERKIRIM","PENGIRIMAN","PENGIRIMAN","TERPASANG/TERKIRIM","PENGIRIMAN","","TERPASANG/TERKIRIM","","TRANSIT","TRANSIT","TIBA DILOKASI","PENGIRIMAN","","","TRANSIT","",""
"512","TERPASANG/TERKIRIM","PENGIRIMAN","PENGIRIMAN","TERPASANG/TERKIRIM","PENGIRIMAN","","TERPASANG/TERKIRIM","","TRANSIT","TRANSIT","TIBA DILOKASI","PENGIRIMAN","","","TRANSIT","",""
"513","TERPASANG/TERKIRIM","TIBA DILOKASI","TIBA DILOKASI","TERPASANG/TERKIRIM","PENGIRIMAN","","TERPASANG/TERKIRIM","","TRANSIT","TRANSIT","TIBA DILOKASI","PENGIRIMAN","","","TRANSIT","",""
"514","TERPASANG/TERKIRIM","PENGIRIMAN","PENGIRIMAN","TERPASANG/TERKIRIM","PENGIRIMAN","","TERPASANG/TERKIRIM","","TRANSIT","TRANSIT","TIBA DILOKASI","PENGIRIMAN","","","TRANSIT","",""
"515","TERPASANG/TERKIRIM","PENGIRIMAN","PENGIRIMAN","TERPASANG/TERKIRIM","PENGIRIMAN","","TERPASANG/TERKIRIM","","TRANSIT","TRANSIT","TIBA DILOKASI","PENGIRIMAN","","","TRANSIT","",""
"516","TERPASANG/TERKIRIM","PENGIRIMAN","PENGIRIMAN","TERPASANG/TERKIRIM","PENGIRIMAN","","TERPASANG/TERKIRIM","","TRANSIT","TRANSIT","TIBA DILOKASI","PENGIRIMAN","","","TRANSIT","",""
"517","TERPASANG/TERKIRIM","PENGIRIMAN","PENGIRIMAN","TERPASANG/TERKIRIM","PENGIRIMAN","","TERPASANG/TERKIRIM","","PENGIRIMAN","TRANSIT","TIBA DILOKASI","PENGIRIMAN","","","TRANSIT","",""
"518","TERPASANG/TERKIRIM","TIBA DILOKASI","TIBA DILOKASI","TERPASANG/TERKIRIM","PENGIRIMAN","","TERPASANG/TERKIRIM","","TRANSIT","TRANSIT","TIBA DILOKASI","PENGIRIMAN","","","TRANSIT","",""
"519","TERPASANG/TERKIRIM","TIBA DILOKASI","TIBA DILOKASI","TERPASANG/TERKIRIM","PENGIRIMAN","","TERPASANG/TERKIRIM","","TRANSIT","TRANSIT","TIBA DILOKASI","PENGIRIMAN","","","TRANSIT","",""
"520","TERPASANG/TERKIRIM","PENGIRIMAN","PENGIRIMAN","TERPASANG/TERKIRIM","PENGIRIMAN","","TERPASANG/TERKIRIM","","TRANSIT","TRANSIT","TIBA DILOKASI","PENGIRIMAN","","","TRANSIT","",""
"521","TERPASANG/TERKIRIM","PENGIRIMAN","PENGIRIMAN","TERPASANG/TERKIRIM","PENGIRIMAN","","TERPASANG/TERKIRIM","","TRANSIT","TRANSIT","TIBA DILOKASI","PENGIRIMAN","","","TRANSIT","",""
"522","TERPASANG/TERKIRIM","PENGIRIMAN","PENGIRIMAN","TERPASANG/TERKIRIM","PENGIRIMAN","","TERPASANG/TERKIRIM","","PENGIRIMAN","TRANSIT","TIBA DILOKASI","PENGIRIMAN","","","TRANSIT","",""
"523","TERPASANG/TERKIRIM","PENGIRIMAN","PENGIRIMAN","TERPASANG/TERKIRIM","PENGIRIMAN","","TERPASANG/TERKIRIM","","TRANSIT","TRANSIT","TIBA DILOKASI","PENGIRIMAN","","","TRANSIT","",""
"524","TERPASANG/TERKIRIM","PENGIRIMAN","PENGIRIMAN","TERPASANG/TERKIRIM","PENGIRIMAN","","TERPASANG/TERKIRIM","","PENGIRIMAN","TRANSIT","TIBA DILOKASI","PENGIRIMAN","","","TRANSIT","",""
"525","TERPASANG/TERKIRIM","PENGIRIMAN","PENGIRIMAN","TERPASANG/TERKIRIM","PENGIRIMAN","","TERPASANG/TERKIRIM","","TRANSIT","TRANSIT","TIBA DILOKASI","PENGIRIMAN","","","TRANSIT","",""
"526","TERPASANG/TERKIRIM","PENGIRIMAN","PENGIRIMAN","TERPASANG/TERKIRIM","PENGIRIMAN","","TERPASANG/TERKIRIM","TERPASANG/TERKIRIM","TERPASANG/TERKIRIM","TRANSIT","TIBA DILOKASI","PENGIRIMAN","","","TRANSIT","",""
"527","TERPASANG/TERKIRIM","PENGIRIMAN","PENGIRIMAN","TERPASANG/TERKIRIM","PENGIRIMAN","","TERPASANG/TERKIRIM","TERPASANG/TERKIRIM","TERPASANG/TERKIRIM","TRANSIT","TIBA DILOKASI","PENGIRIMAN","","","TRANSIT","",""
"528","TERPASANG/TERKIRIM","PENGIRIMAN","PENGIRIMAN","TERPASANG/TERKIRIM","PENGIRIMAN","","TERPASANG/TERKIRIM","TERPASANG/TERKIRIM","TERPASANG/TERKIRIM","TRANSIT","TIBA DILOKASI","PENGIRIMAN","","","TRANSIT","",""
"529","TERPASANG/TERKIRIM","PENGIRIMAN","PENGIRIMAN","TERPASANG/TERKIRIM","PENGIRIMAN","","TERPASANG/TERKIRIM","","TERPASANG/TERKIRIM","TRANSIT","TIBA DILOKASI","PENGIRIMAN","","","TRANSIT","",""
"530","TERPASANG/TERKIRIM","PENGIRIMAN","PENGIRIMAN","TERPASANG/TERKIRIM","PENGIRIMAN","","TERPASANG/TERKIRIM","TERPASANG/TERKIRIM","TERPASANG/TERKIRIM","TRANSIT","TIBA DILOKASI","PENGIRIMAN","","","TRANSIT","",""
"531","TERPASANG/TERKIRIM","TIBA DILOKASI","TIBA DILOKASI","TIBA DILOKASI","TERPASANG/TERKIRIM","PENGIRIMAN","TERPASANG/TERKIRIM","TRANSIT","TERPASANG/TERKIRIM","TERPASANG/TERKIRIM","TIBA DILOKASI","TERPASANG/TERKIRIM","TRANSIT","","TRANSIT","",""
"532","TERPASANG/TERKIRIM","TIBA DILOKASI","TIBA DILOKASI","TIBA DILOKASI","TERPASANG/TERKIRIM","PENGIRIMAN","TERPASANG/TERKIRIM","TRANSIT","TRANSIT","TERPASANG/TERKIRIM","TIBA DILOKASI","TERPASANG/TERKIRIM","TRANSIT","","TRANSIT","",""
"533","TERPASANG/TERKIRIM","TIBA DILOKASI","TIBA DILOKASI","TIBA DILOKASI","TERPASANG/TERKIRIM","TERPASANG/TERKIRIM","TERPASANG/TERKIRIM","TRANSIT","TERPASANG/TERKIRIM","TERPASANG/TERKIRIM","TIBA DILOKASI","TERPASANG/TERKIRIM","TRANSIT","","TRANSIT","",""
"534","TERPASANG/TERKIRIM","TIBA DILOKASI","TIBA DILOKASI","TIBA DILOKASI","TERPASANG/TERKIRIM","TERPASANG/TERKIRIM","TERPASANG/TERKIRIM","TRANSIT","TRANSIT","TERPASANG/TERKIRIM","TIBA DILOKASI","TERPASANG/TERKIRIM","TRANSIT","","TRANSIT","",""
"535","TERPASANG/TERKIRIM","TIBA DILOKASI","TIBA DILOKASI","TIBA DILOKASI","TERPASANG/TERKIRIM","PENGIRIMAN","TERPASANG/TERKIRIM","TRANSIT","TERPASANG/TERKIRIM","TERPASANG/TERKIRIM","TIBA DILOKASI","TERPASANG/TERKIRIM","TRANSIT","","TRANSIT","",""
"536","TERPASANG/TERKIRIM","TIBA DILOKASI","TIBA DILOKASI","TIBA DILOKASI","TERPASANG/TERKIRIM","PENGIRIMAN","TERPASANG/TERKIRIM","TRANSIT","TRANSIT","TERPASANG/TERKIRIM","TIBA DILOKASI","TERPASANG/TERKIRIM","TRANSIT","","TRANSIT","",""
"537","TERPASANG/TERKIRIM","TIBA DILOKASI","TIBA DILOKASI","TIBA DILOKASI","TERPASANG/TERKIRIM","PENGIRIMAN","TERPASANG/TERKIRIM","TRANSIT","TRANSIT","TERPASANG/TERKIRIM","TIBA DILOKASI","TERPASANG/TERKIRIM","TRANSIT","","TRANSIT","",""
"538","TERPASANG/TERKIRIM","TIBA DILOKASI","TIBA DILOKASI","TIBA DILOKASI","TERPASANG/TERKIRIM","PENGIRIMAN","TERPASANG/TERKIRIM","TERPASANG/TERKIRIM","TRANSIT","TERPASANG/TERKIRIM","TIBA DILOKASI","TERPASANG/TERKIRIM","TRANSIT","","TRANSIT","",""
"539","TERPASANG/TERKIRIM","TIBA DILOKASI","TIBA DILOKASI","TIBA DILOKASI","TERPASANG/TERKIRIM","PENGIRIMAN","TERPASANG/TERKIRIM","TRANSIT","TERPASANG/TERKIRIM","TERPASANG/TERKIRIM","TIBA DILOKASI","TERPASANG/TERKIRIM","TRANSIT","","TRANSIT","",""
"540","TERPASANG/TERKIRIM","TIBA DILOKASI","TIBA DILOKASI","TIBA DILOKASI","TERPASANG/TERKIRIM","PENGIRIMAN","TERPASANG/TERKIRIM","TRANSIT","TRANSIT","TERPASANG/TERKIRIM","TIBA DILOKASI","TERPASANG/TERKIRIM","TRANSIT","","TRANSIT","",""
"541","TERPASANG/TERKIRIM","TIBA DILOKASI","TIBA DILOKASI","TIBA DILOKASI","TERPASANG/TERKIRIM","PENGIRIMAN","TERPASANG/TERKIRIM","TRANSIT","TERPASANG/TERKIRIM","TERPASANG/TERKIRIM","TIBA DILOKASI","TERPASANG/TERKIRIM","TRANSIT","","TRANSIT","",""
"542","TERPASANG/TERKIRIM","TIBA DILOKASI","TIBA DILOKASI","TIBA DILOKASI","TERPASANG/TERKIRIM","TERPASANG/TERKIRIM","TERPASANG/TERKIRIM","TRANSIT","TERPASANG/TERKIRIM","TERPASANG/TERKIRIM","TIBA DILOKASI","TERPASANG/TERKIRIM","TRANSIT","TERPASANG/TERKIRIM","TRANSIT","",""
"543","TERPASANG/TERKIRIM","TIBA DILOKASI","TIBA DILOKASI","TIBA DILOKASI","TERPASANG/TERKIRIM","TERPASANG/TERKIRIM","TERPASANG/TERKIRIM","TRANSIT","TRANSIT","TERPASANG/TERKIRIM","TIBA DILOKASI","TERPASANG/TERKIRIM","TRANSIT","","TRANSIT","",""
"544","TERPASANG/TERKIRIM","TIBA DILOKASI","TIBA DILOKASI","TIBA DILOKASI","TERPASANG/TERKIRIM","TERPASANG/TERKIRIM","TERPASANG/TERKIRIM","TRANSIT","TRANSIT","TERPASANG/TERKIRIM","TIBA DILOKASI","TERPASANG/TERKIRIM","TRANSIT","","TRANSIT","",""
"545","TERPASANG/TERKIRIM","TIBA DILOKASI","TIBA DILOKASI","TIBA DILOKASI","TERPASANG/TERKIRIM","TERPASANG/TERKIRIM","TERPASANG/TERKIRIM","TRANSIT","TERPASANG/TERKIRIM","TERPASANG/TERKIRIM","TIBA DILOKASI","TERPASANG/TERKIRIM","TRANSIT","","TRANSIT","",""
"546","TERPASANG/TERKIRIM","TIBA DILOKASI","TIBA DILOKASI","TIBA DILOKASI","TERPASANG/TERKIRIM","TERPASANG/TERKIRIM","TERPASANG/TERKIRIM","TRANSIT","TERPASANG/TERKIRIM","TERPASANG/TERKIRIM","TIBA DILOKASI","TERPASANG/TERKIRIM","TRANSIT","","TRANSIT","",""
"547","TERPASANG/TERKIRIM","TIBA DILOKASI","TIBA DILOKASI","TIBA DILOKASI","TERPASANG/TERKIRIM","TERPASANG/TERKIRIM","TERPASANG/TERKIRIM","TRANSIT","TERPASANG/TERKIRIM","TERPASANG/TERKIRIM","TIBA DILOKASI","TERPASANG/TERKIRIM","TRANSIT","","TRANSIT","",""
"548","TERPASANG/TERKIRIM","TIBA DILOKASI","TIBA DILOKASI","TIBA DILOKASI","TERPASANG/TERKIRIM","TERPASANG/TERKIRIM","TERPASANG/TERKIRIM","TRANSIT","TRANSIT","TERPASANG/TERKIRIM","TIBA DILOKASI","TERPASANG/TERKIRIM","TRANSIT","","TRANSIT","",""
"549","TERPASANG/TERKIRIM","TIBA DILOKASI","TIBA DILOKASI","TIBA DILOKASI","TERPASANG/TERKIRIM","","TERPASANG/TERKIRIM","TRANSIT","TERPASANG/TERKIRIM","TERPASANG/TERKIRIM","TIBA DILOKASI","TERPASANG/TERKIRIM","TRANSIT","","TRANSIT","",""
"550","TERPASANG/TERKIRIM","TIBA DILOKASI","TIBA DILOKASI","TIBA DILOKASI","TERPASANG/TERKIRIM","","TERPASANG/TERKIRIM","TRANSIT","TERPASANG/TERKIRIM","TERPASANG/TERKIRIM","TIBA DILOKASI","TERPASANG/TERKIRIM","TRANSIT","","TRANSIT","",""
"551","TERPASANG/TERKIRIM","TIBA DILOKASI","TIBA DILOKASI","TIBA DILOKASI","TERPASANG/TERKIRIM","","TERPASANG/TERKIRIM","TRANSIT","TERPASANG/TERKIRIM","TERPASANG/TERKIRIM","TIBA DILOKASI","TERPASANG/TERKIRIM","TRANSIT","","TRANSIT","",""
"552","TERPASANG/TERKIRIM","TIBA DILOKASI","TIBA DILOKASI","TIBA DILOKASI","TERPASANG/TERKIRIM","","TERPASANG/TERKIRIM","TERPASANG/TERKIRIM","TERPASANG/TERKIRIM","TERPASANG/TERKIRIM","TIBA DILOKASI","TERPASANG/TERKIRIM","TRANSIT","","TRANSIT","",""
"553","TERPASANG/TERKIRIM","TIBA DILOKASI","TIBA DILOKASI","TIBA DILOKASI","TERPASANG/TERKIRIM","","TERPASANG/TERKIRIM","TRANSIT","TERPASANG/TERKIRIM","TERPASANG/TERKIRIM","TIBA DILOKASI","TERPASANG/TERKIRIM","TRANSIT","","TRANSIT","",""
"554","TERPASANG/TERKIRIM","TIBA DILOKASI","TIBA DILOKASI","TIBA DILOKASI","TERPASANG/TERKIRIM","","TERPASANG/TERKIRIM","TRANSIT","TERPASANG/TERKIRIM","TERPASANG/TERKIRIM","TIBA DILOKASI","TERPASANG/TERKIRIM","TRANSIT","","TRANSIT","",""
"555","TERPASANG/TERKIRIM","TIBA DILOKASI","TIBA DILOKASI","TIBA DILOKASI","TERPASANG/TERKIRIM","TERPASANG/TERKIRIM","TERPASANG/TERKIRIM","TERPASANG/TERKIRIM","TRANSIT","TERPASANG/TERKIRIM","TIBA DILOKASI","TERPASANG/TERKIRIM","TRANSIT","","TRANSIT","",""
"556","TERPASANG/TERKIRIM","TIBA DILOKASI","TIBA DILOKASI","TIBA DILOKASI","TERPASANG/TERKIRIM","TERPASANG/TERKIRIM","TERPASANG/TERKIRIM","TRANSIT","TERPASANG/TERKIRIM","TERPASANG/TERKIRIM","TIBA DILOKASI","TERPASANG/TERKIRIM","TRANSIT","","TRANSIT","",""
"557","TERPASANG/TERKIRIM","TIBA DILOKASI","TIBA DILOKASI","TIBA DILOKASI","TERPASANG/TERKIRIM","TERPASANG/TERKIRIM","TERPASANG/TERKIRIM","TRANSIT","TRANSIT","TERPASANG/TERKIRIM","TIBA DILOKASI","TERPASANG/TERKIRIM","TRANSIT","","TRANSIT","",""
"558","TERPASANG/TERKIRIM","TIBA DILOKASI","TIBA DILOKASI","TIBA DILOKASI","TERPASANG/TERKIRIM","TERPASANG/TERKIRIM","TERPASANG/TERKIRIM","TRANSIT","TERPASANG/TERKIRIM","TERPASANG/TERKIRIM","TIBA DILOKASI","TERPASANG/TERKIRIM","TRANSIT","","TRANSIT","",""
"559","TERPASANG/TERKIRIM","TIBA DILOKASI","TIBA DILOKASI","TIBA DILOKASI","TERPASANG/TERKIRIM","","TERPASANG/TERKIRIM","TRANSIT","TRANSIT","TERPASANG/TERKIRIM","TIBA DILOKASI","TERPASANG/TERKIRIM","TRANSIT","","TRANSIT","",""
"560","TERPASANG/TERKIRIM","TIBA DILOKASI","TIBA DILOKASI","TIBA DILOKASI","TERPASANG/TERKIRIM","","TERPASANG/TERKIRIM","TRANSIT","TERPASANG/TERKIRIM","TERPASANG/TERKIRIM","TIBA DILOKASI","TERPASANG/TERKIRIM","TRANSIT","","TRANSIT","",""
"561","TERPASANG/TERKIRIM","TIBA DILOKASI","TIBA DILOKASI","TIBA DILOKASI","TERPASANG/TERKIRIM","","TERPASANG/TERKIRIM","TRANSIT","TERPASANG/TERKIRIM","TERPASANG/TERKIRIM","TIBA DILOKASI","TERPASANG/TERKIRIM","TRANSIT","","TRANSIT","",""
"562","TERPASANG/TERKIRIM","TIBA DILOKASI","TIBA DILOKASI","TIBA DILOKASI","TERPASANG/TERKIRIM","","TERPASANG/TERKIRIM","TRANSIT","TERPASANG/TERKIRIM","TERPASANG/TERKIRIM","TIBA DILOKASI","TERPASANG/TERKIRIM","TRANSIT","","TRANSIT","",""
"563","TERPASANG/TERKIRIM","TIBA DILOKASI","TIBA DILOKASI","TIBA DILOKASI","TERPASANG/TERKIRIM","","TERPASANG/TERKIRIM","TRANSIT","TRANSIT","TERPASANG/TERKIRIM","TIBA DILOKASI","TERPASANG/TERKIRIM","TRANSIT","","TRANSIT","",""
"564","TERPASANG/TERKIRIM","TIBA DILOKASI","TIBA DILOKASI","TIBA DILOKASI","TERPASANG/TERKIRIM","","TERPASANG/TERKIRIM","TRANSIT","TERPASANG/TERKIRIM","TERPASANG/TERKIRIM","TIBA DILOKASI","TERPASANG/TERKIRIM","TRANSIT","","TRANSIT","",""
"565","TERPASANG/TERKIRIM","TIBA DILOKASI","TIBA DILOKASI","TIBA DILOKASI","TERPASANG/TERKIRIM","TERPASANG/TERKIRIM","TERPASANG/TERKIRIM","TRANSIT","TRANSIT","TERPASANG/TERKIRIM","TIBA DILOKASI","TERPASANG/TERKIRIM","TRANSIT","","TRANSIT","",""
"566","TERPASANG/TERKIRIM","TIBA DILOKASI","TIBA DILOKASI","TIBA DILOKASI","TERPASANG/TERKIRIM","TERPASANG/TERKIRIM","TERPASANG/TERKIRIM","TRANSIT","TRANSIT","TERPASANG/TERKIRIM","TIBA DILOKASI","TERPASANG/TERKIRIM","TRANSIT","","TRANSIT","",""
"567","TERPASANG/TERKIRIM","TIBA DILOKASI","TIBA DILOKASI","TIBA DILOKASI","TERPASANG/TERKIRIM","TERPASANG/TERKIRIM","TERPASANG/TERKIRIM","TRANSIT","TERPASANG/TERKIRIM","TERPASANG/TERKIRIM","TIBA DILOKASI","TERPASANG/TERKIRIM","TRANSIT","","TRANSIT","",""
"568","TERPASANG/TERKIRIM","TIBA DILOKASI","TIBA DILOKASI","TIBA DILOKASI","TERPASANG/TERKIRIM","TERPASANG/TERKIRIM","TERPASANG/TERKIRIM","TRANSIT","TERPASANG/TERKIRIM","TERPASANG/TERKIRIM","TIBA DILOKASI","TERPASANG/TERKIRIM","TRANSIT","","TRANSIT","",""
"569","TERPASANG/TERKIRIM","TIBA DILOKASI","TIBA DILOKASI","TIBA DILOKASI","TERPASANG/TERKIRIM","","TERPASANG/TERKIRIM","TRANSIT","TERPASANG/TERKIRIM","TERPASANG/TERKIRIM","TIBA DILOKASI","TERPASANG/TERKIRIM","TRANSIT","","TRANSIT","",""
"570","TERPASANG/TERKIRIM","TIBA DILOKASI","TIBA DILOKASI","TIBA DILOKASI","TERPASANG/TERKIRIM","","TERPASANG/TERKIRIM","TRANSIT","TERPASANG/TERKIRIM","TERPASANG/TERKIRIM","TIBA DILOKASI","TERPASANG/TERKIRIM","TRANSIT","","TRANSIT","",""
"571","TERPASANG/TERKIRIM","TIBA DILOKASI","TIBA DILOKASI","TIBA DILOKASI","TERPASANG/TERKIRIM","","TERPASANG/TERKIRIM","TRANSIT","TERPASANG/TERKIRIM","TERPASANG/TERKIRIM","TIBA DILOKASI","TERPASANG/TERKIRIM","TRANSIT","","TRANSIT","",""
"572","TERPASANG/TERKIRIM","TIBA DILOKASI","TIBA DILOKASI","TIBA DILOKASI","TERPASANG/TERKIRIM","PENGIRIMAN","TERPASANG/TERKIRIM","TRANSIT","TERPASANG/TERKIRIM","TERPASANG/TERKIRIM","TIBA DILOKASI","TERPASANG/TERKIRIM","TRANSIT","","","",""
"573","TERPASANG/TERKIRIM","TIBA DILOKASI","TIBA DILOKASI","TIBA DILOKASI","TERPASANG/TERKIRIM","TIBA DILOKASI","TERPASANG/TERKIRIM","TRANSIT","TERPASANG/TERKIRIM","TERPASANG/TERKIRIM","TIBA DILOKASI","TERPASANG/TERKIRIM","TRANSIT","","","",""
"574","TERPASANG/TERKIRIM","TIBA DILOKASI","TIBA DILOKASI","TIBA DILOKASI","TERPASANG/TERKIRIM","PENGIRIMAN","TERPASANG/TERKIRIM","TRANSIT","TERPASANG/TERKIRIM","TERPASANG/TERKIRIM","TIBA DILOKASI","TERPASANG/TERKIRIM","TRANSIT","","","",""
"575","TERPASANG/TERKIRIM","TIBA DILOKASI","TIBA DILOKASI","TIBA DILOKASI","TERPASANG/TERKIRIM","PENGIRIMAN","TERPASANG/TERKIRIM","TRANSIT","TERPASANG/TERKIRIM","TERPASANG/TERKIRIM","TIBA DILOKASI","TERPASANG/TERKIRIM","TRANSIT","","","",""
"576","TERPASANG/TERKIRIM","TIBA DILOKASI","TIBA DILOKASI","TIBA DILOKASI","TERPASANG/TERKIRIM","PENGIRIMAN","TERPASANG/TERKIRIM","TERPASANG/TERKIRIM","TERPASANG/TERKIRIM","TERPASANG/TERKIRIM","TIBA DILOKASI","TERPASANG/TERKIRIM","TRANSIT","","","",""
"577","TERPASANG/TERKIRIM","TIBA DILOKASI","TIBA DILOKASI","TIBA DILOKASI","TERPASANG/TERKIRIM","PENGIRIMAN","TERPASANG/TERKIRIM","TRANSIT","TERPASANG/TERKIRIM","TERPASANG/TERKIRIM","TIBA DILOKASI","TERPASANG/TERKIRIM","TRANSIT","","","",""
"578","TERPASANG/TERKIRIM","TIBA DILOKASI","TIBA DILOKASI","TIBA DILOKASI","TERPASANG/TERKIRIM","PENGIRIMAN","TERPASANG/TERKIRIM","TERPASANG/TERKIRIM","TERPASANG/TERKIRIM","TERPASANG/TERKIRIM","TIBA DILOKASI","TERPASANG/TERKIRIM","TRANSIT","","","",""
"579","TERPASANG/TERKIRIM","TIBA DILOKASI","TIBA DILOKASI","TIBA DILOKASI","TERPASANG/TERKIRIM","PENGIRIMAN","TERPASANG/TERKIRIM","TERPASANG/TERKIRIM","TERPASANG/TERKIRIM","TERPASANG/TERKIRIM","TIBA DILOKASI","TERPASANG/TERKIRIM","TRANSIT","","","",""
"580","TERPASANG/TERKIRIM","TIBA DILOKASI","TIBA DILOKASI","TIBA DILOKASI","TERPASANG/TERKIRIM","PENGIRIMAN","TERPASANG/TERKIRIM","TERPASANG/TERKIRIM","TERPASANG/TERKIRIM","TERPASANG/TERKIRIM","TIBA DILOKASI","TERPASANG/TERKIRIM","TRANSIT","","","",""
"581","TERPASANG/TERKIRIM","TIBA DILOKASI","TIBA DILOKASI","TIBA DILOKASI","TERPASANG/TERKIRIM","PENGIRIMAN","TERPASANG/TERKIRIM","TERPASANG/TERKIRIM","TERPASANG/TERKIRIM","TERPASANG/TERKIRIM","TIBA DILOKASI","TERPASANG/TERKIRIM","TRANSIT","","","",""
"582","TERPASANG/TERKIRIM","TIBA DILOKASI","TIBA DILOKASI","TIBA DILOKASI","TERPASANG/TERKIRIM","PENGIRIMAN","TERPASANG/TERKIRIM","TRANSIT","TERPASANG/TERKIRIM","TERPASANG/TERKIRIM","TIBA DILOKASI","TERPASANG/TERKIRIM","TRANSIT","","","",""
"583","TERPASANG/TERKIRIM","TIBA DILOKASI","TIBA DILOKASI","TIBA DILOKASI","TERPASANG/TERKIRIM","PENGIRIMAN","TERPASANG/TERKIRIM","TERPASANG/TERKIRIM","TERPASANG/TERKIRIM","TERPASANG/TERKIRIM","TIBA DILOKASI","TERPASANG/TERKIRIM","TRANSIT","","","",""
"584","TERPASANG/TERKIRIM","TIBA DILOKASI","TIBA DILOKASI","TIBA DILOKASI","TERPASANG/TERKIRIM","PENGIRIMAN","TERPASANG/TERKIRIM","TRANSIT","TERPASANG/TERKIRIM","TERPASANG/TERKIRIM","TIBA DILOKASI","TERPASANG/TERKIRIM","TRANSIT","","","",""
"585","TERPASANG/TERKIRIM","TIBA DILOKASI","TIBA DILOKASI","TIBA DILOKASI","TERPASANG/TERKIRIM","PENGIRIMAN","TERPASANG/TERKIRIM","TRANSIT","TERPASANG/TERKIRIM","TERPASANG/TERKIRIM","TIBA DILOKASI","TERPASANG/TERKIRIM","TRANSIT","","","",""
"586","TERPASANG/TERKIRIM","TIBA DILOKASI","TIBA DILOKASI","TIBA DILOKASI","TERPASANG/TERKIRIM","PENGIRIMAN","TERPASANG/TERKIRIM","TERPASANG/TERKIRIM","PENGIRIMAN","TERPASANG/TERKIRIM","TIBA DILOKASI","TERPASANG/TERKIRIM","TRANSIT","","","",""
"587","TERPASANG/TERKIRIM","TIBA DILOKASI","TIBA DILOKASI","TIBA DILOKASI","TERPASANG/TERKIRIM","PENGIRIMAN","TERPASANG/TERKIRIM","PENGIRIMAN","PENGIRIMAN","TERPASANG/TERKIRIM","TIBA DILOKASI","TERPASANG/TERKIRIM","TRANSIT","","","",""
"588","TERPASANG/TERKIRIM","TIBA DILOKASI","TIBA DILOKASI","TIBA DILOKASI","TERPASANG/TERKIRIM","PENGIRIMAN","TERPASANG/TERKIRIM","PENGIRIMAN","PENGIRIMAN","TERPASANG/TERKIRIM","TIBA DILOKASI","TERPASANG/TERKIRIM","TRANSIT","","","",""
"589","TERPASANG/TERKIRIM","TIBA DILOKASI","TIBA DILOKASI","TIBA DILOKASI","TERPASANG/TERKIRIM","PENGIRIMAN","TERPASANG/TERKIRIM","PENGIRIMAN","PENGIRIMAN","TERPASANG/TERKIRIM","TIBA DILOKASI","TERPASANG/TERKIRIM","TRANSIT","","","",""
"590","TERPASANG/TERKIRIM","TIBA DILOKASI","TIBA DILOKASI","TIBA DILOKASI","TERPASANG/TERKIRIM","TERPASANG/TERKIRIM","TERPASANG/TERKIRIM","PENGIRIMAN","TRANSIT","TERPASANG/TERKIRIM","TIBA DILOKASI","TERPASANG/TERKIRIM","TRANSIT","","","",""
"591","TERPASANG/TERKIRIM","TIBA DILOKASI","TIBA DILOKASI","TIBA DILOKASI","TERPASANG/TERKIRIM","PENGIRIMAN","TERPASANG/TERKIRIM","PENGIRIMAN","TRANSIT","TERPASANG/TERKIRIM","TIBA DILOKASI","TERPASANG/TERKIRIM","TRANSIT","","","",""
"592","TERPASANG/TERKIRIM","TIBA DILOKASI","TIBA DILOKASI","TIBA DILOKASI","TERPASANG/TERKIRIM","TERPASANG/TERKIRIM","TERPASANG/TERKIRIM","PENGIRIMAN","TRANSIT","TERPASANG/TERKIRIM","TIBA DILOKASI","TERPASANG/TERKIRIM","TRANSIT","","","",""
"593","TERPASANG/TERKIRIM","TIBA DILOKASI","TIBA DILOKASI","TIBA DILOKASI","TERPASANG/TERKIRIM","TERPASANG/TERKIRIM","TERPASANG/TERKIRIM","PENGIRIMAN","PENGIRIMAN","TERPASANG/TERKIRIM","TIBA DILOKASI","TERPASANG/TERKIRIM","PENGIRIMAN","","","",""
"594","TERPASANG/TERKIRIM","TIBA DILOKASI","TIBA DILOKASI","TIBA DILOKASI","TERPASANG/TERKIRIM","PENGIRIMAN","TERPASANG/TERKIRIM","PENGIRIMAN","TRANSIT","TERPASANG/TERKIRIM","TIBA DILOKASI","TERPASANG/TERKIRIM","PENGIRIMAN","","","",""
"595","TERPASANG/TERKIRIM","TIBA DILOKASI","TIBA DILOKASI","TIBA DILOKASI","TERPASANG/TERKIRIM","PENGIRIMAN","TERPASANG/TERKIRIM","PENGIRIMAN","PENGIRIMAN","TERPASANG/TERKIRIM","TIBA DILOKASI","TERPASANG/TERKIRIM","PENGIRIMAN","","","",""
"596","TERPASANG/TERKIRIM","TIBA DILOKASI","TIBA DILOKASI","TIBA DILOKASI","TERPASANG/TERKIRIM","PENGIRIMAN","TERPASANG/TERKIRIM","PENGIRIMAN","TERPASANG/TERKIRIM","TERPASANG/TERKIRIM","TIBA DILOKASI","TERPASANG/TERKIRIM","PENGIRIMAN","","","",""
"597","TERPASANG/TERKIRIM","TIBA DILOKASI","TIBA DILOKASI","TIBA DILOKASI","TERPASANG/TERKIRIM","PENGIRIMAN","TERPASANG/TERKIRIM","PENGIRIMAN","TERPASANG/TERKIRIM","TERPASANG/TERKIRIM","TIBA DILOKASI","TERPASANG/TERKIRIM","PENGIRIMAN","","","",""
"598","TERPASANG/TERKIRIM","TIBA DILOKASI","TIBA DILOKASI","TIBA DILOKASI","TERPASANG/TERKIRIM","PENGIRIMAN","TERPASANG/TERKIRIM","PENGIRIMAN","TERPASANG/TERKIRIM","TERPASANG/TERKIRIM","TIBA DILOKASI","TERPASANG/TERKIRIM","PENGIRIMAN","","","",""
"599","TERPASANG/TERKIRIM","TIBA DILOKASI","TIBA DILOKASI","TIBA DILOKASI","TERPASANG/TERKIRIM","PENGIRIMAN","TERPASANG/TERKIRIM","PENGIRIMAN","TERPASANG/TERKIRIM","TERPASANG/TERKIRIM","TIBA DILOKASI","TERPASANG/TERKIRIM","PENGIRIMAN","","","",""
"600","TERPASANG/TERKIRIM","TIBA DILOKASI","TIBA DILOKASI","TIBA DILOKASI","TERPASANG/TERKIRIM","","TERPASANG/TERKIRIM","PENGIRIMAN","TRANSIT","TERPASANG/TERKIRIM","TIBA DILOKASI","TERPASANG/TERKIRIM","PENGIRIMAN","","","",""
"601","TERPASANG/TERKIRIM","TIBA DILOKASI","TIBA DILOKASI","TIBA DILOKASI","TERPASANG/TERKIRIM","","TERPASANG/TERKIRIM","PENGIRIMAN","TRANSIT","TERPASANG/TERKIRIM","TIBA DILOKASI","TERPASANG/TERKIRIM","PENGIRIMAN","","","",""
"602","TERPASANG/TERKIRIM","TIBA DILOKASI","TIBA DILOKASI","TIBA DILOKASI","TERPASANG/TERKIRIM","","TERPASANG/TERKIRIM","PENGIRIMAN","TRANSIT","TERPASANG/TERKIRIM","PENGIRIMAN","TERPASANG/TERKIRIM","PENGIRIMAN","","","",""
"603","TERPASANG/TERKIRIM","TIBA DILOKASI","TIBA DILOKASI","TIBA DILOKASI","TERPASANG/TERKIRIM","","TERPASANG/TERKIRIM","PENGIRIMAN","TRANSIT","TERPASANG/TERKIRIM","PENGIRIMAN","TERPASANG/TERKIRIM","PENGIRIMAN","","","",""
"604","TERPASANG/TERKIRIM","TIBA DILOKASI","TIBA DILOKASI","TIBA DILOKASI","TERPASANG/TERKIRIM","","TERPASANG/TERKIRIM","PENGIRIMAN","TRANSIT","TERPASANG/TERKIRIM","PENGIRIMAN","TERPASANG/TERKIRIM","PENGIRIMAN","","","",""
"605","TERPASANG/TERKIRIM","TIBA DILOKASI","TIBA DILOKASI","TIBA DILOKASI","TERPASANG/TERKIRIM","","TERPASANG/TERKIRIM","PENGIRIMAN","TRANSIT","TERPASANG/TERKIRIM","PENGIRIMAN","TERPASANG/TERKIRIM","PENGIRIMAN","","","",""
"606","TERPASANG/TERKIRIM","TIBA DILOKASI","TIBA DILOKASI","TIBA DILOKASI","TERPASANG/TERKIRIM","","TERPASANG/TERKIRIM","PENGIRIMAN","TRANSIT","TERPASANG/TERKIRIM","PENGIRIMAN","TERPASANG/TERKIRIM","PENGIRIMAN","","","",""
"607","TERPASANG/TERKIRIM","TIBA DILOKASI","TIBA DILOKASI","TIBA DILOKASI","TERPASANG/TERKIRIM","","TERPASANG/TERKIRIM","PENGIRIMAN","TRANSIT","TERPASANG/TERKIRIM","PENGIRIMAN","TERPASANG/TERKIRIM","PENGIRIMAN","","","",""
"608","TERPASANG/TERKIRIM","TIBA DILOKASI","TIBA DILOKASI","TIBA DILOKASI","TERPASANG/TERKIRIM","","TERPASANG/TERKIRIM","","TRANSIT","TERPASANG/TERKIRIM","PENGIRIMAN","TERPASANG/TERKIRIM","PENGIRIMAN","","","",""
"609","TERPASANG/TERKIRIM","TIBA DILOKASI","TIBA DILOKASI","TIBA DILOKASI","TERPASANG/TERKIRIM","","TERPASANG/TERKIRIM","","TRANSIT","TERPASANG/TERKIRIM","PENGIRIMAN","TERPASANG/TERKIRIM","PENGIRIMAN","","","",""
"610","TERPASANG/TERKIRIM","TIBA DILOKASI","TIBA DILOKASI","TIBA DILOKASI","TERPASANG/TERKIRIM","","TERPASANG/TERKIRIM","TERPASANG/TERKIRIM","PENGIRIMAN","TERPASANG/TERKIRIM","PENGIRIMAN","TERPASANG/TERKIRIM","PENGIRIMAN","","","",""
"611","TERPASANG/TERKIRIM","TIBA DILOKASI","TIBA DILOKASI","TIBA DILOKASI","TERPASANG/TERKIRIM","","TERPASANG/TERKIRIM","","TRANSIT","TERPASANG/TERKIRIM","PENGIRIMAN","TERPASANG/TERKIRIM","PENGIRIMAN","","","",""
"612","TERPASANG/TERKIRIM","TIBA DILOKASI","TIBA DILOKASI","TIBA DILOKASI","TERPASANG/TERKIRIM","","TERPASANG/TERKIRIM","","PENGIRIMAN","TERPASANG/TERKIRIM","PENGIRIMAN","TERPASANG/TERKIRIM","PENGIRIMAN","","","",""
"613","TERPASANG/TERKIRIM","TIBA DILOKASI","TIBA DILOKASI","TIBA DILOKASI","TERPASANG/TERKIRIM","","TERPASANG/TERKIRIM","","TRANSIT","TERPASANG/TERKIRIM","PENGIRIMAN","TERPASANG/TERKIRIM","PENGIRIMAN","","","",""
"614","TERPASANG/TERKIRIM","TIBA DILOKASI","TIBA DILOKASI","TIBA DILOKASI","TERPASANG/TERKIRIM","","TERPASANG/TERKIRIM","","PENGIRIMAN","TERPASANG/TERKIRIM","PENGIRIMAN","TERPASANG/TERKIRIM","PENGIRIMAN","","","",""
"615","TERPASANG/TERKIRIM","TIBA DILOKASI","TIBA DILOKASI","TIBA DILOKASI","TERPASANG/TERKIRIM","","TERPASANG/TERKIRIM","","TRANSIT","TERPASANG/TERKIRIM","PENGIRIMAN","TERPASANG/TERKIRIM","PENGIRIMAN","","","",""
"616","TERPASANG/TERKIRIM","TIBA DILOKASI","TIBA DILOKASI","TIBA DILOKASI","TERPASANG/TERKIRIM","","TERPASANG/TERKIRIM","","PENGIRIMAN","TERPASANG/TERKIRIM","PENGIRIMAN","TERPASANG/TERKIRIM","PENGIRIMAN","","","",""
"617","TERPASANG/TERKIRIM","TIBA DILOKASI","TIBA DILOKASI","TIBA DILOKASI","TERPASANG/TERKIRIM","","TERPASANG/TERKIRIM","","PENGIRIMAN","TERPASANG/TERKIRIM","PENGIRIMAN","TERPASANG/TERKIRIM","PENGIRIMAN","","","",""
"618","TERPASANG/TERKIRIM","TIBA DILOKASI","TIBA DILOKASI","TIBA DILOKASI","TERPASANG/TERKIRIM","PENGIRIMAN","TERPASANG/TERKIRIM","","PENGIRIMAN","TERPASANG/TERKIRIM","PENGIRIMAN","TERPASANG/TERKIRIM","PENGIRIMAN","","","",""
"619","TERPASANG/TERKIRIM","TIBA DILOKASI","TIBA DILOKASI","TIBA DILOKASI","TERPASANG/TERKIRIM","PENGIRIMAN","TERPASANG/TERKIRIM","","PENGIRIMAN","TERPASANG/TERKIRIM","PENGIRIMAN","TERPASANG/TERKIRIM","PENGIRIMAN","","","",""
"620","TERPASANG/TERKIRIM","TIBA DILOKASI","TIBA DILOKASI","TIBA DILOKASI","TERPASANG/TERKIRIM","","TERPASANG/TERKIRIM","","PENGIRIMAN","TERPASANG/TERKIRIM","PENGIRIMAN","TERPASANG/TERKIRIM","PENGIRIMAN","","","",""
"621","TERPASANG/TERKIRIM","TIBA DILOKASI","TIBA DILOKASI","TIBA DILOKASI","TERPASANG/TERKIRIM","","TERPASANG/TERKIRIM","","TRANSIT","TERPASANG/TERKIRIM","PENGIRIMAN","TERPASANG/TERKIRIM","PENGIRIMAN","","","",""
"622","TERPASANG/TERKIRIM","TIBA DILOKASI","TIBA DILOKASI","TIBA DILOKASI","TERPASANG/TERKIRIM","","TERPASANG/TERKIRIM","","PENGIRIMAN","TERPASANG/TERKIRIM","PENGIRIMAN","TERPASANG/TERKIRIM","PENGIRIMAN","","","",""
"623","TERPASANG/TERKIRIM","TIBA DILOKASI","TIBA DILOKASI","TIBA DILOKASI","TERPASANG/TERKIRIM","TERPASANG/TERKIRIM","PENGIRIMAN","TERPASANG/TERKIRIM","TERPASANG/TERKIRIM","TERPASANG/TERKIRIM","TIBA DILOKASI","TERPASANG/TERKIRIM","TRANSIT","","","",""
"624","TERPASANG/TERKIRIM","TIBA DILOKASI","TIBA DILOKASI","TIBA DILOKASI","TERPASANG/TERKIRIM","TERPASANG/TERKIRIM","PENGIRIMAN","TERPASANG/TERKIRIM","TERPASANG/TERKIRIM","TERPASANG/TERKIRIM","TIBA DILOKASI","TERPASANG/TERKIRIM","TRANSIT","","","",""
"625","TERPASANG/TERKIRIM","TIBA DILOKASI","TIBA DILOKASI","TIBA DILOKASI","TERPASANG/TERKIRIM","TERPASANG/TERKIRIM","TERPASANG/TERKIRIM","TRANSIT","TERPASANG/TERKIRIM","TERPASANG/TERKIRIM","TIBA DILOKASI","TERPASANG/TERKIRIM","TRANSIT","","","",""
"626","TERPASANG/TERKIRIM","TIBA DILOKASI","TIBA DILOKASI","TIBA DILOKASI","TERPASANG/TERKIRIM","TERPASANG/TERKIRIM","TERPASANG/TERKIRIM","TRANSIT","TERPASANG/TERKIRIM","TERPASANG/TERKIRIM","TIBA DILOKASI","TERPASANG/TERKIRIM","TRANSIT","","","",""
"627","TERPASANG/TERKIRIM","TIBA DILOKASI","TIBA DILOKASI","TIBA DILOKASI","TERPASANG/TERKIRIM","TERPASANG/TERKIRIM","TERPASANG/TERKIRIM","TRANSIT","TERPASANG/TERKIRIM","TERPASANG/TERKIRIM","TIBA DILOKASI","TERPASANG/TERKIRIM","TRANSIT","","","",""
"628","TERPASANG/TERKIRIM","TIBA DILOKASI","TIBA DILOKASI","TIBA DILOKASI","TERPASANG/TERKIRIM","TERPASANG/TERKIRIM","TERPASANG/TERKIRIM","TERPASANG/TERKIRIM","TERPASANG/TERKIRIM","TERPASANG/TERKIRIM","TIBA DILOKASI","TERPASANG/TERKIRIM","TRANSIT","","","",""
"629","TERPASANG/TERKIRIM","TIBA DILOKASI","TIBA DILOKASI","TIBA DILOKASI","TERPASANG/TERKIRIM","TERPASANG/TERKIRIM","TERPASANG/TERKIRIM","TERPASANG/TERKIRIM","TERPASANG/TERKIRIM","TERPASANG/TERKIRIM","TIBA DILOKASI","TERPASANG/TERKIRIM","TRANSIT","","","",""
"630","TERPASANG/TERKIRIM","TIBA DILOKASI","TIBA DILOKASI","TIBA DILOKASI","TERPASANG/TERKIRIM","TERPASANG/TERKIRIM","TERPASANG/TERKIRIM","TRANSIT","TERPASANG/TERKIRIM","TERPASANG/TERKIRIM","TIBA DILOKASI","TERPASANG/TERKIRIM","TRANSIT","","","",""
"631","TERPASANG/TERKIRIM","TIBA DILOKASI","TIBA DILOKASI","TIBA DILOKASI","TERPASANG/TERKIRIM","TERPASANG/TERKIRIM","TERPASANG/TERKIRIM","TRANSIT","TERPASANG/TERKIRIM","TERPASANG/TERKIRIM","TIBA DILOKASI","TERPASANG/TERKIRIM","TRANSIT","","","",""
"632","TERPASANG/TERKIRIM","TIBA DILOKASI","TIBA DILOKASI","TIBA DILOKASI","TERPASANG/TERKIRIM","TERPASANG/TERKIRIM","TERPASANG/TERKIRIM","TRANSIT","TERPASANG/TERKIRIM","TERPASANG/TERKIRIM","TIBA DILOKASI","TERPASANG/TERKIRIM","TRANSIT","","","",""
"633","TERPASANG/TERKIRIM","TIBA DILOKASI","TIBA DILOKASI","TIBA DILOKASI","TERPASANG/TERKIRIM","TERPASANG/TERKIRIM","TERPASANG/TERKIRIM","TRANSIT","TERPASANG/TERKIRIM","TERPASANG/TERKIRIM","TIBA DILOKASI","TERPASANG/TERKIRIM","TRANSIT","","","",""
"634","TERPASANG/TERKIRIM","TIBA DILOKASI","TIBA DILOKASI","TIBA DILOKASI","TERPASANG/TERKIRIM","TERPASANG/TERKIRIM","TERPASANG/TERKIRIM","TERPASANG/TERKIRIM","TERPASANG/TERKIRIM","TERPASANG/TERKIRIM","TIBA DILOKASI","TERPASANG/TERKIRIM","TRANSIT","","","",""
"635","TERPASANG/TERKIRIM","TIBA DILOKASI","TIBA DILOKASI","TIBA DILOKASI","TERPASANG/TERKIRIM","TERPASANG/TERKIRIM","TERPASANG/TERKIRIM","TERPASANG/TERKIRIM","TERPASANG/TERKIRIM","TERPASANG/TERKIRIM","TIBA DILOKASI","TERPASANG/TERKIRIM","TRANSIT","","","",""
"636","TERPASANG/TERKIRIM","TIBA DILOKASI","TIBA DILOKASI","TIBA DILOKASI","TERPASANG/TERKIRIM","TERPASANG/TERKIRIM","TERPASANG/TERKIRIM","TERPASANG/TERKIRIM","TERPASANG/TERKIRIM","TERPASANG/TERKIRIM","TIBA DILOKASI","TERPASANG/TERKIRIM","TRANSIT","","","",""
"637","TERPASANG/TERKIRIM","TIBA DILOKASI","TIBA DILOKASI","TIBA DILOKASI","TERPASANG/TERKIRIM","TERPASANG/TERKIRIM","TERPASANG/TERKIRIM","TERPASANG/TERKIRIM","TRANSIT","TERPASANG/TERKIRIM","TIBA DILOKASI","TERPASANG/TERKIRIM","TRANSIT","","","",""
"638","TERPASANG/TERKIRIM","TIBA DILOKASI","TIBA DILOKASI","TIBA DILOKASI","TERPASANG/TERKIRIM","TERPASANG/TERKIRIM","PENGIRIMAN","PENGIRIMAN","TRANSIT","TERPASANG/TERKIRIM","TIBA DILOKASI","TERPASANG/TERKIRIM","TRANSIT","","","",""
"639","TERPASANG/TERKIRIM","TIBA DILOKASI","TIBA DILOKASI","TIBA DILOKASI","TERPASANG/TERKIRIM","TERPASANG/TERKIRIM","PENGIRIMAN","PENGIRIMAN","TRANSIT","TERPASANG/TERKIRIM","TIBA DILOKASI","TERPASANG/TERKIRIM","TRANSIT","","","",""
"640","TERPASANG/TERKIRIM","TIBA DILOKASI","TIBA DILOKASI","TIBA DILOKASI","TERPASANG/TERKIRIM","TERPASANG/TERKIRIM","PENGIRIMAN","TERPASANG/TERKIRIM","TERPASANG/TERKIRIM","TERPASANG/TERKIRIM","TIBA DILOKASI","TERPASANG/TERKIRIM","TRANSIT","","","",""
"641","TERPASANG/TERKIRIM","TIBA DILOKASI","TIBA DILOKASI","TIBA DILOKASI","TERPASANG/TERKIRIM","TERPASANG/TERKIRIM","PENGIRIMAN","PENGIRIMAN","TRANSIT","TERPASANG/TERKIRIM","TIBA DILOKASI","TERPASANG/TERKIRIM","TRANSIT","","","",""
"642","TERPASANG/TERKIRIM","TIBA DILOKASI","TIBA DILOKASI","TIBA DILOKASI","TERPASANG/TERKIRIM","TERPASANG/TERKIRIM","PENGIRIMAN","TERPASANG/TERKIRIM","TRANSIT","TERPASANG/TERKIRIM","TIBA DILOKASI","TERPASANG/TERKIRIM","TRANSIT","","","",""
"643","TERPASANG/TERKIRIM","TIBA DILOKASI","TIBA DILOKASI","TIBA DILOKASI","TERPASANG/TERKIRIM","TERPASANG/TERKIRIM","PENGIRIMAN","TERPASANG/TERKIRIM","TERPASANG/TERKIRIM","TERPASANG/TERKIRIM","TIBA DILOKASI","TERPASANG/TERKIRIM","TRANSIT","","","",""
"644","TERPASANG/TERKIRIM","TIBA DILOKASI","TIBA DILOKASI","TIBA DILOKASI","TERPASANG/TERKIRIM","TERPASANG/TERKIRIM","PENGIRIMAN","PENGIRIMAN","TRANSIT","TERPASANG/TERKIRIM","TIBA DILOKASI","TERPASANG/TERKIRIM","TRANSIT","","","",""
"645","TERPASANG/TERKIRIM","TIBA DILOKASI","TIBA DILOKASI","TIBA DILOKASI","TERPASANG/TERKIRIM","TERPASANG/TERKIRIM","PENGIRIMAN","TERPASANG/TERKIRIM","TERPASANG/TERKIRIM","TERPASANG/TERKIRIM","TIBA DILOKASI","TERPASANG/TERKIRIM","TRANSIT","","","",""
"646","TERPASANG/TERKIRIM","TIBA DILOKASI","TIBA DILOKASI","TIBA DILOKASI","TERPASANG/TERKIRIM","TERPASANG/TERKIRIM","PENGIRIMAN","TERPASANG/TERKIRIM","TRANSIT","TERPASANG/TERKIRIM","TIBA DILOKASI","TERPASANG/TERKIRIM","TRANSIT","","","",""
"647","TERPASANG/TERKIRIM","TIBA DILOKASI","TIBA DILOKASI","TIBA DILOKASI","TERPASANG/TERKIRIM","TERPASANG/TERKIRIM","PENGIRIMAN","PENGIRIMAN","TRANSIT","TERPASANG/TERKIRIM","TIBA DILOKASI","TERPASANG/TERKIRIM","TRANSIT","","","",""
"648","TERPASANG/TERKIRIM","TIBA DILOKASI","TIBA DILOKASI","TIBA DILOKASI","TERPASANG/TERKIRIM","TERPASANG/TERKIRIM","PENGIRIMAN","PENGIRIMAN","TRANSIT","TERPASANG/TERKIRIM","TIBA DILOKASI","TERPASANG/TERKIRIM","TRANSIT","","","",""
"649","TERPASANG/TERKIRIM","TIBA DILOKASI","TIBA DILOKASI","TIBA DILOKASI","TERPASANG/TERKIRIM","TERPASANG/TERKIRIM","PENGIRIMAN","PENGIRIMAN","TRANSIT","TERPASANG/TERKIRIM","TIBA DILOKASI","TERPASANG/TERKIRIM","TRANSIT","","","",""
"650","TERPASANG/TERKIRIM","TIBA DILOKASI","TIBA DILOKASI","TIBA DILOKASI","TERPASANG/TERKIRIM","TERPASANG/TERKIRIM","PENGIRIMAN","PENGIRIMAN","TRANSIT","TERPASANG/TERKIRIM","TIBA DILOKASI","TERPASANG/TERKIRIM","TRANSIT","","","",""
"651","TERPASANG/TERKIRIM","TIBA DILOKASI","TIBA DILOKASI","TIBA DILOKASI","TERPASANG/TERKIRIM","TERPASANG/TERKIRIM","TERPASANG/TERKIRIM","PENGIRIMAN","TRANSIT","TERPASANG/TERKIRIM","TIBA DILOKASI","TERPASANG/TERKIRIM","TRANSIT","","","",""
"652","TERPASANG/TERKIRIM","TIBA DILOKASI","TIBA DILOKASI","TIBA DILOKASI","TERPASANG/TERKIRIM","TERPASANG/TERKIRIM","TERPASANG/TERKIRIM","PENGIRIMAN","TRANSIT","TERPASANG/TERKIRIM","TIBA DILOKASI","TERPASANG/TERKIRIM","TRANSIT","","","",""
"653","TERPASANG/TERKIRIM","TIBA DILOKASI","TIBA DILOKASI","TIBA DILOKASI","TERPASANG/TERKIRIM","TRANSIT","TERPASANG/TERKIRIM","PENGIRIMAN","TRANSIT","TERPASANG/TERKIRIM","TIBA DILOKASI","TERPASANG/TERKIRIM","TRANSIT","","","",""
"654","TERPASANG/TERKIRIM","TIBA DILOKASI","TIBA DILOKASI","TIBA DILOKASI","TERPASANG/TERKIRIM","TRANSIT","TERPASANG/TERKIRIM","PENGIRIMAN","TRANSIT","TERPASANG/TERKIRIM","TIBA DILOKASI","TERPASANG/TERKIRIM","TRANSIT","","","",""
"655","TERPASANG/TERKIRIM","TIBA DILOKASI","TIBA DILOKASI","TIBA DILOKASI","TERPASANG/TERKIRIM","TRANSIT","TERPASANG/TERKIRIM","PENGIRIMAN","TRANSIT","TERPASANG/TERKIRIM","TIBA DILOKASI","TERPASANG/TERKIRIM","TRANSIT","","","",""
"656","TERPASANG/TERKIRIM","TIBA DILOKASI","TIBA DILOKASI","TIBA DILOKASI","TERPASANG/TERKIRIM","TRANSIT","PENGIRIMAN","PENGIRIMAN","TRANSIT","TERPASANG/TERKIRIM","TIBA DILOKASI","TERPASANG/TERKIRIM","TRANSIT","","","",""
"657","TERPASANG/TERKIRIM","TIBA DILOKASI","TIBA DILOKASI","TIBA DILOKASI","TERPASANG/TERKIRIM","TRANSIT","TERPASANG/TERKIRIM","PENGIRIMAN","TRANSIT","TERPASANG/TERKIRIM","TIBA DILOKASI","TERPASANG/TERKIRIM","TRANSIT","","","",""
"658","TERPASANG/TERKIRIM","TIBA DILOKASI","TIBA DILOKASI","TIBA DILOKASI","TERPASANG/TERKIRIM","TRANSIT","TERPASANG/TERKIRIM","PENGIRIMAN","TRANSIT","TERPASANG/TERKIRIM","TIBA DILOKASI","TERPASANG/TERKIRIM","TRANSIT","","","",""
"659","TERPASANG/TERKIRIM","TIBA DILOKASI","TIBA DILOKASI","TIBA DILOKASI","TERPASANG/TERKIRIM","TRANSIT","TERPASANG/TERKIRIM","PENGIRIMAN","TRANSIT","TERPASANG/TERKIRIM","TIBA DILOKASI","TERPASANG/TERKIRIM","TRANSIT","","","",""
"660","TERPASANG/TERKIRIM","TIBA DILOKASI","TIBA DILOKASI","TIBA DILOKASI","TERPASANG/TERKIRIM","TRANSIT","TERPASANG/TERKIRIM","PENGIRIMAN","TRANSIT","TERPASANG/TERKIRIM","TIBA DILOKASI","TERPASANG/TERKIRIM","TRANSIT","","","",""
"661","TERPASANG/TERKIRIM","TIBA DILOKASI","TIBA DILOKASI","TIBA DILOKASI","TERPASANG/TERKIRIM","TRANSIT","PENGIRIMAN","PENGIRIMAN","TRANSIT","TERPASANG/TERKIRIM","TIBA DILOKASI","TERPASANG/TERKIRIM","TRANSIT","","","",""
"662","TERPASANG/TERKIRIM","TIBA DILOKASI","TIBA DILOKASI","TIBA DILOKASI","TERPASANG/TERKIRIM","TRANSIT","PENGIRIMAN","PENGIRIMAN","TRANSIT","TERPASANG/TERKIRIM","TIBA DILOKASI","TERPASANG/TERKIRIM","TRANSIT","","","",""
"663","TERPASANG/TERKIRIM","TIBA DILOKASI","TIBA DILOKASI","TIBA DILOKASI","TERPASANG/TERKIRIM","TRANSIT","TERPASANG/TERKIRIM","PENGIRIMAN","TRANSIT","TRANSIT","TIBA DILOKASI","TERPASANG/TERKIRIM","TRANSIT","","","",""
"664","TERPASANG/TERKIRIM","TIBA DILOKASI","TIBA DILOKASI","TIBA DILOKASI","TERPASANG/TERKIRIM","TRANSIT","TERPASANG/TERKIRIM","PENGIRIMAN","TRANSIT","TRANSIT","TIBA DILOKASI","TERPASANG/TERKIRIM","TRANSIT","","","",""
"665","TERPASANG/TERKIRIM","TIBA DILOKASI","TIBA DILOKASI","TIBA DILOKASI","TERPASANG/TERKIRIM","TRANSIT","TERPASANG/TERKIRIM","PENGIRIMAN","TRANSIT","TRANSIT","TIBA DILOKASI","TERPASANG/TERKIRIM","TRANSIT","","","",""
"666","TERPASANG/TERKIRIM","TIBA DILOKASI","TIBA DILOKASI","TIBA DILOKASI","TERPASANG/TERKIRIM","TRANSIT","PENGIRIMAN","PENGIRIMAN","TRANSIT","TRANSIT","TIBA DILOKASI","TERPASANG/TERKIRIM","TRANSIT","","","",""
"667","TERPASANG/TERKIRIM","TIBA DILOKASI","TIBA DILOKASI","TIBA DILOKASI","TERPASANG/TERKIRIM","TRANSIT","PENGIRIMAN","PENGIRIMAN","TRANSIT","TRANSIT","TIBA DILOKASI","TERPASANG/TERKIRIM","TRANSIT","","","",""
"668","TERPASANG/TERKIRIM","TIBA DILOKASI","TIBA DILOKASI","TIBA DILOKASI","TERPASANG/TERKIRIM","TRANSIT","TERPASANG/TERKIRIM","PENGIRIMAN","TRANSIT","TRANSIT","TIBA DILOKASI","TERPASANG/TERKIRIM","TRANSIT","","","",""
"669","TIBA DILOKASI","TIBA DILOKASI","TIBA DILOKASI","TIBA DILOKASI","TERPASANG/TERKIRIM","TRANSIT","TERPASANG/TERKIRIM","PENGIRIMAN","TRANSIT","TERPASANG/TERKIRIM","TIBA DILOKASI","TERPASANG/TERKIRIM","TRANSIT","","","",""
"670","TERPASANG/TERKIRIM","TIBA DILOKASI","TIBA DILOKASI","TIBA DILOKASI","TERPASANG/TERKIRIM","TRANSIT","TERPASANG/TERKIRIM","PENGIRIMAN","TRANSIT","TRANSIT","TIBA DILOKASI","TERPASANG/TERKIRIM","TRANSIT","","","",""
"671","TERPASANG/TERKIRIM","TIBA DILOKASI","TIBA DILOKASI","TIBA DILOKASI","TERPASANG/TERKIRIM","TRANSIT","TERPASANG/TERKIRIM","PENGIRIMAN","TRANSIT","TRANSIT","TIBA DILOKASI","TERPASANG/TERKIRIM","TRANSIT","","","",""
"672","TERPASANG/TERKIRIM","TIBA DILOKASI","TIBA DILOKASI","TIBA DILOKASI","TERPASANG/TERKIRIM","TRANSIT","TERPASANG/TERKIRIM","PENGIRIMAN","TRANSIT","TRANSIT","TIBA DILOKASI","TERPASANG/TERKIRIM","TRANSIT","","","",""
"673","TERPASANG/TERKIRIM","TIBA DILOKASI","TIBA DILOKASI","TIBA DILOKASI","TERPASANG/TERKIRIM","TRANSIT","TERPASANG/TERKIRIM","PENGIRIMAN","TRANSIT","TRANSIT","TIBA DILOKASI","TERPASANG/TERKIRIM","TRANSIT","","","",""
"674","TERPASANG/TERKIRIM","TIBA DILOKASI","TIBA DILOKASI","TIBA DILOKASI","TERPASANG/TERKIRIM","TRANSIT","PENGIRIMAN","","TRANSIT","TRANSIT","TIBA DILOKASI","TERPASANG/TERKIRIM","TRANSIT","","","",""
"675","TERPASANG/TERKIRIM","TIBA DILOKASI","TIBA DILOKASI","TIBA DILOKASI","TERPASANG/TERKIRIM","PENGIRIMAN","TERPASANG/TERKIRIM","PENGIRIMAN","TRANSIT","TERPASANG/TERKIRIM","TIBA DILOKASI","PENGIRIMAN","TRANSIT","","","",""
"676","TERPASANG/TERKIRIM","TIBA DILOKASI","TIBA DILOKASI","TIBA DILOKASI","TERPASANG/TERKIRIM","PENGIRIMAN","TERPASANG/TERKIRIM","PENGIRIMAN","TERPASANG/TERKIRIM","TERPASANG/TERKIRIM","TIBA DILOKASI","PENGIRIMAN","TRANSIT","","","",""
"677","TERPASANG/TERKIRIM","TIBA DILOKASI","TIBA DILOKASI","TIBA DILOKASI","TERPASANG/TERKIRIM","PENGIRIMAN","TERPASANG/TERKIRIM","PENGIRIMAN","TERPASANG/TERKIRIM","TERPASANG/TERKIRIM","TIBA DILOKASI","PENGIRIMAN","TRANSIT","","","",""
"678","TERPASANG/TERKIRIM","TIBA DILOKASI","TIBA DILOKASI","TIBA DILOKASI","TERPASANG/TERKIRIM","PENGIRIMAN","TERPASANG/TERKIRIM","PENGIRIMAN","TRANSIT","TERPASANG/TERKIRIM","TIBA DILOKASI","PENGIRIMAN","TRANSIT","","","",""
"679","TERPASANG/TERKIRIM","TIBA DILOKASI","TIBA DILOKASI","TIBA DILOKASI","TERPASANG/TERKIRIM","PENGIRIMAN","TERPASANG/TERKIRIM","PENGIRIMAN","TRANSIT","TERPASANG/TERKIRIM","TIBA DILOKASI","PENGIRIMAN","TRANSIT","","","",""
"680","TERPASANG/TERKIRIM","TIBA DILOKASI","TIBA DILOKASI","TIBA DILOKASI","TERPASANG/TERKIRIM","PENGIRIMAN","TERPASANG/TERKIRIM","PENGIRIMAN","TERPASANG/TERKIRIM","TERPASANG/TERKIRIM","TIBA DILOKASI","PENGIRIMAN","TRANSIT","","","",""
"681","TERPASANG/TERKIRIM","TIBA DILOKASI","TIBA DILOKASI","TIBA DILOKASI","TERPASANG/TERKIRIM","PENGIRIMAN","TERPASANG/TERKIRIM","PENGIRIMAN","TERPASANG/TERKIRIM","TERPASANG/TERKIRIM","TIBA DILOKASI","PENGIRIMAN","TRANSIT","","","",""
"682","TERPASANG/TERKIRIM","TIBA DILOKASI","TIBA DILOKASI","TIBA DILOKASI","TERPASANG/TERKIRIM","PENGIRIMAN","TERPASANG/TERKIRIM","PENGIRIMAN","TERPASANG/TERKIRIM","TERPASANG/TERKIRIM","TIBA DILOKASI","PENGIRIMAN","TRANSIT","","","",""
"683","TERPASANG/TERKIRIM","TIBA DILOKASI","TIBA DILOKASI","TIBA DILOKASI","TERPASANG/TERKIRIM","PENGIRIMAN","TERPASANG/TERKIRIM","PENGIRIMAN","TRANSIT","TERPASANG/TERKIRIM","TIBA DILOKASI","PENGIRIMAN","TRANSIT","","","",""
"684","TERPASANG/TERKIRIM","TIBA DILOKASI","TIBA DILOKASI","TIBA DILOKASI","TERPASANG/TERKIRIM","PENGIRIMAN","TERPASANG/TERKIRIM","PENGIRIMAN","TRANSIT","TERPASANG/TERKIRIM","TIBA DILOKASI","PENGIRIMAN","TRANSIT","","","",""
"685","TERPASANG/TERKIRIM","TIBA DILOKASI","TIBA DILOKASI","TIBA DILOKASI","TERPASANG/TERKIRIM","PENGIRIMAN","TERPASANG/TERKIRIM","PENGIRIMAN","TRANSIT","TERPASANG/TERKIRIM","PENGIRIMAN","PENGIRIMAN","TRANSIT","","","",""
"686","TERPASANG/TERKIRIM","TIBA DILOKASI","TIBA DILOKASI","TIBA DILOKASI","TERPASANG/TERKIRIM","PENGIRIMAN","TERPASANG/TERKIRIM","PENGIRIMAN","TRANSIT","TERPASANG/TERKIRIM","PENGIRIMAN","PENGIRIMAN","TRANSIT","","","",""
"687","TERPASANG/TERKIRIM","TIBA DILOKASI","TIBA DILOKASI","TIBA DILOKASI","TERPASANG/TERKIRIM","PENGIRIMAN","TERPASANG/TERKIRIM","PENGIRIMAN","TRANSIT","TERPASANG/TERKIRIM","PENGIRIMAN","PENGIRIMAN","TRANSIT","","","",""
"688","TERPASANG/TERKIRIM","TIBA DILOKASI","TIBA DILOKASI","TIBA DILOKASI","TERPASANG/TERKIRIM","PENGIRIMAN","TERPASANG/TERKIRIM","PENGIRIMAN","TRANSIT","TERPASANG/TERKIRIM","PENGIRIMAN","PENGIRIMAN","TRANSIT","","","",""
"689","TERPASANG/TERKIRIM","TIBA DILOKASI","TIBA DILOKASI","TIBA DILOKASI","TERPASANG/TERKIRIM","PENGIRIMAN","TERPASANG/TERKIRIM","PENGIRIMAN","TRANSIT","TERPASANG/TERKIRIM","PENGIRIMAN","PENGIRIMAN","TRANSIT","","","",""
"690","TERPASANG/TERKIRIM","TIBA DILOKASI","TIBA DILOKASI","TIBA DILOKASI","TERPASANG/TERKIRIM","PENGIRIMAN","TERPASANG/TERKIRIM","PENGIRIMAN","TRANSIT","TERPASANG/TERKIRIM","PENGIRIMAN","PENGIRIMAN","TRANSIT","","","",""
"691","TERPASANG/TERKIRIM","TIBA DILOKASI","TIBA DILOKASI","TIBA DILOKASI","TERPASANG/TERKIRIM","PENGIRIMAN","TERPASANG/TERKIRIM","PENGIRIMAN","TRANSIT","TERPASANG/TERKIRIM","PENGIRIMAN","PENGIRIMAN","TRANSIT","","","",""
"692","TERPASANG/TERKIRIM","TIBA DILOKASI","TIBA DILOKASI","TIBA DILOKASI","TERPASANG/TERKIRIM","PENGIRIMAN","TERPASANG/TERKIRIM","PENGIRIMAN","TRANSIT","TERPASANG/TERKIRIM","PENGIRIMAN","PENGIRIMAN","TRANSIT","","","",""
"693","TERPASANG/TERKIRIM","TIBA DILOKASI","TIBA DILOKASI","TIBA DILOKASI","TERPASANG/TERKIRIM","PENGIRIMAN","TERPASANG/TERKIRIM","PENGIRIMAN","TRANSIT","TERPASANG/TERKIRIM","PENGIRIMAN","PENGIRIMAN","TRANSIT","","","",""
"694","TERPASANG/TERKIRIM","TIBA DILOKASI","TIBA DILOKASI","TIBA DILOKASI","TERPASANG/TERKIRIM","PENGIRIMAN","TERPASANG/TERKIRIM","PENGIRIMAN","TERPASANG/TERKIRIM","TERPASANG/TERKIRIM","PENGIRIMAN","PENGIRIMAN","TRANSIT","","","",""
"695","TERPASANG/TERKIRIM","TIBA DILOKASI","TIBA DILOKASI","TIBA DILOKASI","TERPASANG/TERKIRIM","PENGIRIMAN","TERPASANG/TERKIRIM","PENGIRIMAN","TERPASANG/TERKIRIM","TERPASANG/TERKIRIM","PENGIRIMAN","PENGIRIMAN","TRANSIT","","","",""
"696","TERPASANG/TERKIRIM","TIBA DILOKASI","TIBA DILOKASI","TIBA DILOKASI","TERPASANG/TERKIRIM","PENGIRIMAN","TERPASANG/TERKIRIM","PENGIRIMAN","TERPASANG/TERKIRIM","TERPASANG/TERKIRIM","PENGIRIMAN","PENGIRIMAN","TRANSIT","","","",""
"697","TERPASANG/TERKIRIM","TIBA DILOKASI","TIBA DILOKASI","TIBA DILOKASI","TERPASANG/TERKIRIM","PENGIRIMAN","TERPASANG/TERKIRIM","PENGIRIMAN","TERPASANG/TERKIRIM","TERPASANG/TERKIRIM","PENGIRIMAN","PENGIRIMAN","TRANSIT","","","",""
"698","TERPASANG/TERKIRIM","TIBA DILOKASI","TIBA DILOKASI","TIBA DILOKASI","TERPASANG/TERKIRIM","PENGIRIMAN","TERPASANG/TERKIRIM","PENGIRIMAN","TERPASANG/TERKIRIM","TERPASANG/TERKIRIM","PENGIRIMAN","PENGIRIMAN","TRANSIT","","","",""
"699","TERPASANG/TERKIRIM","TIBA DILOKASI","TIBA DILOKASI","TIBA DILOKASI","TERPASANG/TERKIRIM","PENGIRIMAN","TERPASANG/TERKIRIM","PENGIRIMAN","TRANSIT","TERPASANG/TERKIRIM","PENGIRIMAN","PENGIRIMAN","TRANSIT","","","",""
"700","TERPASANG/TERKIRIM","TIBA DILOKASI","TIBA DILOKASI","TIBA DILOKASI","TERPASANG/TERKIRIM","PENGIRIMAN","TERPASANG/TERKIRIM","PENGIRIMAN","TRANSIT","TERPASANG/TERKIRIM","PENGIRIMAN","PENGIRIMAN","TRANSIT","","","",""
"701","TERPASANG/TERKIRIM","TIBA DILOKASI","TIBA DILOKASI","TIBA DILOKASI","TERPASANG/TERKIRIM","PENGIRIMAN","TERPASANG/TERKIRIM","PENGIRIMAN","TRANSIT","TERPASANG/TERKIRIM","PENGIRIMAN","PENGIRIMAN","TRANSIT","","","",""
"702","TERPASANG/TERKIRIM","TIBA DILOKASI","TIBA DILOKASI","TIBA DILOKASI","TERPASANG/TERKIRIM","PENGIRIMAN","TERPASANG/TERKIRIM","PENGIRIMAN","TRANSIT","TERPASANG/TERKIRIM","PENGIRIMAN","PENGIRIMAN","TRANSIT","","","",""
"703","TERPASANG/TERKIRIM","TIBA DILOKASI","TIBA DILOKASI","TIBA DILOKASI","TERPASANG/TERKIRIM","PENGIRIMAN","TERPASANG/TERKIRIM","PENGIRIMAN","TRANSIT","TERPASANG/TERKIRIM","PENGIRIMAN","PENGIRIMAN","TRANSIT","","","",""
"704","TERPASANG/TERKIRIM","TIBA DILOKASI","TIBA DILOKASI","TIBA DILOKASI","TERPASANG/TERKIRIM","PENGIRIMAN","TERPASANG/TERKIRIM","PENGIRIMAN","TRANSIT","TERPASANG/TERKIRIM","PENGIRIMAN","PENGIRIMAN","TRANSIT","","","",""
"705","TERPASANG/TERKIRIM","TIBA DILOKASI","TIBA DILOKASI","TIBA DILOKASI","TERPASANG/TERKIRIM","PENGIRIMAN","TERPASANG/TERKIRIM","","PENGIRIMAN","TERPASANG/TERKIRIM","PENGIRIMAN","PENGIRIMAN","TRANSIT","","","",""
"706","TERPASANG/TERKIRIM","TIBA DILOKASI","TIBA DILOKASI","TIBA DILOKASI","TERPASANG/TERKIRIM","PENGIRIMAN","TERPASANG/TERKIRIM","","PENGIRIMAN","TERPASANG/TERKIRIM","PENGIRIMAN","PENGIRIMAN","TRANSIT","","","",""
"707","TERPASANG/TERKIRIM","TIBA DILOKASI","TIBA DILOKASI","TIBA DILOKASI","TERPASANG/TERKIRIM","PENGIRIMAN","TERPASANG/TERKIRIM","","PENGIRIMAN","TERPASANG/TERKIRIM","PENGIRIMAN","PENGIRIMAN","TRANSIT","","","",""
"708","TERPASANG/TERKIRIM","TIBA DILOKASI","TIBA DILOKASI","TIBA DILOKASI","TERPASANG/TERKIRIM","PENGIRIMAN","TERPASANG/TERKIRIM","","PENGIRIMAN","TERPASANG/TERKIRIM","PENGIRIMAN","PENGIRIMAN","TRANSIT","","","",""
"709","TERPASANG/TERKIRIM","TIBA DILOKASI","TIBA DILOKASI","TIBA DILOKASI","TERPASANG/TERKIRIM","PENGIRIMAN","TERPASANG/TERKIRIM","","PENGIRIMAN","TERPASANG/TERKIRIM","PENGIRIMAN","PENGIRIMAN","TRANSIT","","","",""
"710","TERPASANG/TERKIRIM","TIBA DILOKASI","TIBA DILOKASI","TIBA DILOKASI","TERPASANG/TERKIRIM","PENGIRIMAN","TERPASANG/TERKIRIM","","PENGIRIMAN","TERPASANG/TERKIRIM","PENGIRIMAN","PENGIRIMAN","TRANSIT","","","",""
"711","TERPASANG/TERKIRIM","TIBA DILOKASI","TIBA DILOKASI","TIBA DILOKASI","TERPASANG/TERKIRIM","PENGIRIMAN","TERPASANG/TERKIRIM","","PENGIRIMAN","TERPASANG/TERKIRIM","PENGIRIMAN","PENGIRIMAN","TRANSIT","","","",""
"712","TERPASANG/TERKIRIM","TIBA DILOKASI","TIBA DILOKASI","TIBA DILOKASI","TERPASANG/TERKIRIM","PENGIRIMAN","TERPASANG/TERKIRIM","","PENGIRIMAN","TERPASANG/TERKIRIM","PENGIRIMAN","PENGIRIMAN","TRANSIT","","","",""
"713","TERPASANG/TERKIRIM","TIBA DILOKASI","TIBA DILOKASI","TIBA DILOKASI","TERPASANG/TERKIRIM","PENGIRIMAN","TERPASANG/TERKIRIM","","PENGIRIMAN","TERPASANG/TERKIRIM","PENGIRIMAN","PENGIRIMAN","TRANSIT","","","",""
"714","TERPASANG/TERKIRIM","TIBA DILOKASI","TIBA DILOKASI","TIBA DILOKASI","TERPASANG/TERKIRIM","PENGIRIMAN","TERPASANG/TERKIRIM","","PENGIRIMAN","TERPASANG/TERKIRIM","PENGIRIMAN","PENGIRIMAN","TRANSIT","","","",""
"715","TERPASANG/TERKIRIM","TIBA DILOKASI","TIBA DILOKASI","TIBA DILOKASI","TERPASANG/TERKIRIM","PENGIRIMAN","TERPASANG/TERKIRIM","","PENGIRIMAN","TERPASANG/TERKIRIM","PENGIRIMAN","PENGIRIMAN","TRANSIT","","","",""
"716","TERPASANG/TERKIRIM","TIBA DILOKASI","TIBA DILOKASI","TIBA DILOKASI","TERPASANG/TERKIRIM","PENGIRIMAN","TERPASANG/TERKIRIM","","PENGIRIMAN","TERPASANG/TERKIRIM","PENGIRIMAN","PENGIRIMAN","TRANSIT","","","",""
"717","TERPASANG/TERKIRIM","TIBA DILOKASI","TIBA DILOKASI","TIBA DILOKASI","TERPASANG/TERKIRIM","PENGIRIMAN","TERPASANG/TERKIRIM","","PENGIRIMAN","TERPASANG/TERKIRIM","PENGIRIMAN","PENGIRIMAN","TRANSIT","","","",""
"718","TERPASANG/TERKIRIM","TIBA DILOKASI","TIBA DILOKASI","TIBA DILOKASI","TERPASANG/TERKIRIM","PENGIRIMAN","TERPASANG/TERKIRIM","","PENGIRIMAN","TERPASANG/TERKIRIM","PENGIRIMAN","PENGIRIMAN","TRANSIT","","","",""
"719","TERPASANG/TERKIRIM","TIBA DILOKASI","TIBA DILOKASI","TIBA DILOKASI","TERPASANG/TERKIRIM","PENGIRIMAN","TERPASANG/TERKIRIM","","PENGIRIMAN","TERPASANG/TERKIRIM","PENGIRIMAN","PENGIRIMAN","TRANSIT","","","",""
"720","TERPASANG/TERKIRIM","TIBA DILOKASI","TIBA DILOKASI","TIBA DILOKASI","TERPASANG/TERKIRIM","PENGIRIMAN","TERPASANG/TERKIRIM","","PENGIRIMAN","TERPASANG/TERKIRIM","PENGIRIMAN","PENGIRIMAN","TRANSIT","","","",""
"721","TERPASANG/TERKIRIM","TIBA DILOKASI","TIBA DILOKASI","TIBA DILOKASI","TERPASANG/TERKIRIM","PENGIRIMAN","TERPASANG/TERKIRIM","","PENGIRIMAN","TERPASANG/TERKIRIM","PENGIRIMAN","PENGIRIMAN","TRANSIT","","","",""
"722","TERPASANG/TERKIRIM","TIBA DILOKASI","TIBA DILOKASI","TIBA DILOKASI","TERPASANG/TERKIRIM","PENGIRIMAN","TERPASANG/TERKIRIM","","PENGIRIMAN","TERPASANG/TERKIRIM","PENGIRIMAN","PENGIRIMAN","TRANSIT","","","",""
"723","TERPASANG/TERKIRIM","TIBA DILOKASI","TIBA DILOKASI","TIBA DILOKASI","TERPASANG/TERKIRIM","PENGIRIMAN","TERPASANG/TERKIRIM","","PENGIRIMAN","TERPASANG/TERKIRIM","PENGIRIMAN","PENGIRIMAN","TRANSIT","","","",""
"724","TERPASANG/TERKIRIM","TIBA DILOKASI","TIBA DILOKASI","TIBA DILOKASI","TERPASANG/TERKIRIM","PENGIRIMAN","TERPASANG/TERKIRIM","","PENGIRIMAN","TERPASANG/TERKIRIM","PENGIRIMAN","PENGIRIMAN","TRANSIT","","","",""
"725","TERPASANG/TERKIRIM","TIBA DILOKASI","TIBA DILOKASI","TIBA DILOKASI","TERPASANG/TERKIRIM","PENGIRIMAN","TERPASANG/TERKIRIM","","PENGIRIMAN","TERPASANG/TERKIRIM","PENGIRIMAN","PENGIRIMAN","TRANSIT","","","",""
"726","TERPASANG/TERKIRIM","TIBA DILOKASI","TIBA DILOKASI","TIBA DILOKASI","TERPASANG/TERKIRIM","PENGIRIMAN","TERPASANG/TERKIRIM","","PENGIRIMAN","TERPASANG/TERKIRIM","PENGIRIMAN","PENGIRIMAN","TRANSIT","","","",""
"727","TERPASANG/TERKIRIM","TIBA DILOKASI","TIBA DILOKASI","TIBA DILOKASI","TERPASANG/TERKIRIM","PENGIRIMAN","TERPASANG/TERKIRIM","","PENGIRIMAN","TERPASANG/TERKIRIM","PENGIRIMAN","PENGIRIMAN","TRANSIT","","","",""
"728","TERPASANG/TERKIRIM","TIBA DILOKASI","TIBA DILOKASI","TIBA DILOKASI","TERPASANG/TERKIRIM","PENGIRIMAN","TERPASANG/TERKIRIM","","PENGIRIMAN","TERPASANG/TERKIRIM","PENGIRIMAN","PENGIRIMAN","TRANSIT","","","",""
"729","TERPASANG/TERKIRIM","TIBA DILOKASI","TIBA DILOKASI","TIBA DILOKASI","TERPASANG/TERKIRIM","PENGIRIMAN","TERPASANG/TERKIRIM","","PENGIRIMAN","TERPASANG/TERKIRIM","PENGIRIMAN","PENGIRIMAN","TRANSIT","","","",""
"730","TERPASANG/TERKIRIM","TIBA DILOKASI","TIBA DILOKASI","TIBA DILOKASI","PENGIRIMAN","TERPASANG/TERKIRIM","TERPASANG/TERKIRIM","PENGIRIMAN","TERPASANG/TERKIRIM","TERPASANG/TERKIRIM","TIBA DILOKASI","PENGIRIMAN","TRANSIT","","TRANSIT","",""
"731","TERPASANG/TERKIRIM","TIBA DILOKASI","TIBA DILOKASI","TIBA DILOKASI","PENGIRIMAN","PENGIRIMAN","TERPASANG/TERKIRIM","PENGIRIMAN","TERPASANG/TERKIRIM","TERPASANG/TERKIRIM","PENGIRIMAN","PENGIRIMAN","TRANSIT","","TRANSIT","",""
"732","TERPASANG/TERKIRIM","TIBA DILOKASI","TIBA DILOKASI","TIBA DILOKASI","PENGIRIMAN","TERPASANG/TERKIRIM","TERPASANG/TERKIRIM","PENGIRIMAN","TERPASANG/TERKIRIM","TERPASANG/TERKIRIM","PENGIRIMAN","PENGIRIMAN","TRANSIT","","TRANSIT","",""
"733","TERPASANG/TERKIRIM","TIBA DILOKASI","TIBA DILOKASI","TIBA DILOKASI","PENGIRIMAN","TERPASANG/TERKIRIM","TERPASANG/TERKIRIM","PENGIRIMAN","TERPASANG/TERKIRIM","TERPASANG/TERKIRIM","PENGIRIMAN","PENGIRIMAN","TRANSIT","","TRANSIT","",""
"734","TERPASANG/TERKIRIM","TIBA DILOKASI","TIBA DILOKASI","TIBA DILOKASI","PENGIRIMAN","TERPASANG/TERKIRIM","TERPASANG/TERKIRIM","PENGIRIMAN","TERPASANG/TERKIRIM","TERPASANG/TERKIRIM","PENGIRIMAN","PENGIRIMAN","TRANSIT","","TRANSIT","",""
"735","TERPASANG/TERKIRIM","TIBA DILOKASI","TIBA DILOKASI","TIBA DILOKASI","PENGIRIMAN","PENGIRIMAN","TERPASANG/TERKIRIM","PENGIRIMAN","TRANSIT","TERPASANG/TERKIRIM","PENGIRIMAN","PENGIRIMAN","TRANSIT","","TRANSIT","",""
"736","TERPASANG/TERKIRIM","TIBA DILOKASI","TIBA DILOKASI","TIBA DILOKASI","PENGIRIMAN","PENGIRIMAN","TERPASANG/TERKIRIM","PENGIRIMAN","TRANSIT","TERPASANG/TERKIRIM","TIBA DILOKASI","PENGIRIMAN","TRANSIT","","TRANSIT","",""
"737","TERPASANG/TERKIRIM","TIBA DILOKASI","TIBA DILOKASI","TIBA DILOKASI","PENGIRIMAN","PENGIRIMAN","TERPASANG/TERKIRIM","PENGIRIMAN","TRANSIT","TERPASANG/TERKIRIM","TIBA DILOKASI","PENGIRIMAN","TRANSIT","","TRANSIT","",""
"738","TERPASANG/TERKIRIM","TIBA DILOKASI","TIBA DILOKASI","TIBA DILOKASI","PENGIRIMAN","PENGIRIMAN","TERPASANG/TERKIRIM","PENGIRIMAN","TRANSIT","TERPASANG/TERKIRIM","TIBA DILOKASI","PENGIRIMAN","TRANSIT","","TRANSIT","",""
"739","TERPASANG/TERKIRIM","TIBA DILOKASI","TIBA DILOKASI","TIBA DILOKASI","PENGIRIMAN","PENGIRIMAN","TERPASANG/TERKIRIM","PENGIRIMAN","TRANSIT","TERPASANG/TERKIRIM","PENGIRIMAN","PENGIRIMAN","TRANSIT","","TRANSIT","",""
"740","TERPASANG/TERKIRIM","TIBA DILOKASI","TIBA DILOKASI","TIBA DILOKASI","PENGIRIMAN","PENGIRIMAN","TERPASANG/TERKIRIM","PENGIRIMAN","TRANSIT","TERPASANG/TERKIRIM","PENGIRIMAN","PENGIRIMAN","TRANSIT","","TRANSIT","",""
"741","TERPASANG/TERKIRIM","TIBA DILOKASI","TIBA DILOKASI","TIBA DILOKASI","PENGIRIMAN","PENGIRIMAN","TERPASANG/TERKIRIM","PENGIRIMAN","TRANSIT","TERPASANG/TERKIRIM","PENGIRIMAN","PENGIRIMAN","TRANSIT","","TRANSIT","",""
"742","TERPASANG/TERKIRIM","TIBA DILOKASI","TIBA DILOKASI","TIBA DILOKASI","PENGIRIMAN","PENGIRIMAN","TERPASANG/TERKIRIM","PENGIRIMAN","TERPASANG/TERKIRIM","TERPASANG/TERKIRIM","TIBA DILOKASI","PENGIRIMAN","TRANSIT","","TRANSIT","",""
"743","TERPASANG/TERKIRIM","TIBA DILOKASI","TIBA DILOKASI","TIBA DILOKASI","PENGIRIMAN","PENGIRIMAN","TERPASANG/TERKIRIM","TERPASANG/TERKIRIM","TRANSIT","TERPASANG/TERKIRIM","PENGIRIMAN","PENGIRIMAN","TRANSIT","","TRANSIT","",""
"744","TERPASANG/TERKIRIM","TIBA DILOKASI","TIBA DILOKASI","TIBA DILOKASI","TERPASANG/TERKIRIM","TERPASANG/TERKIRIM","TERPASANG/TERKIRIM","PENGIRIMAN","TERPASANG/TERKIRIM","TERPASANG/TERKIRIM","TIBA DILOKASI","TERPASANG/TERKIRIM","TIBA DILOKASI","TERPASANG/TERKIRIM","TRANSIT","",""
"745","TERPASANG/TERKIRIM","TIBA DILOKASI","TIBA DILOKASI","TIBA DILOKASI","PENGIRIMAN","PENGIRIMAN","TERPASANG/TERKIRIM","PENGIRIMAN","TRANSIT","TERPASANG/TERKIRIM","PENGIRIMAN","PENGIRIMAN","TRANSIT","","TRANSIT","",""
"746","TERPASANG/TERKIRIM","TIBA DILOKASI","TIBA DILOKASI","TIBA DILOKASI","PENGIRIMAN","PENGIRIMAN","TERPASANG/TERKIRIM","PENGIRIMAN","TRANSIT","TERPASANG/TERKIRIM","PENGIRIMAN","PENGIRIMAN","TRANSIT","","TRANSIT","",""
"747","TERPASANG/TERKIRIM","TIBA DILOKASI","TIBA DILOKASI","TIBA DILOKASI","TERPASANG/TERKIRIM","TERPASANG/TERKIRIM","TERPASANG/TERKIRIM","TERPASANG/TERKIRIM","TERPASANG/TERKIRIM","TERPASANG/TERKIRIM","TIBA DILOKASI","TERPASANG/TERKIRIM","TIBA DILOKASI","TERPASANG/TERKIRIM","TRANSIT","",""
"748","TERPASANG/TERKIRIM","TIBA DILOKASI","TIBA DILOKASI","TIBA DILOKASI","TERPASANG/TERKIRIM","TERPASANG/TERKIRIM","TERPASANG/TERKIRIM","TERPASANG/TERKIRIM","TERPASANG/TERKIRIM","TERPASANG/TERKIRIM","TIBA DILOKASI","TERPASANG/TERKIRIM","TIBA DILOKASI","PENGIRIMAN","TRANSIT","",""
"749","TERPASANG/TERKIRIM","TIBA DILOKASI","TIBA DILOKASI","TIBA DILOKASI","TERPASANG/TERKIRIM","TERPASANG/TERKIRIM","TERPASANG/TERKIRIM","TERPASANG/TERKIRIM","TERPASANG/TERKIRIM","TERPASANG/TERKIRIM","TIBA DILOKASI","TERPASANG/TERKIRIM","TIBA DILOKASI","PENGIRIMAN","TRANSIT","",""
"750","TERPASANG/TERKIRIM","TIBA DILOKASI","TIBA DILOKASI","TIBA DILOKASI","PENGIRIMAN","TERPASANG/TERKIRIM","TERPASANG/TERKIRIM","PENGIRIMAN","TERPASANG/TERKIRIM","TERPASANG/TERKIRIM","PENGIRIMAN","PENGIRIMAN","TRANSIT","","TRANSIT","",""
"751","TERPASANG/TERKIRIM","TIBA DILOKASI","TIBA DILOKASI","TIBA DILOKASI","TERPASANG/TERKIRIM","TERPASANG/TERKIRIM","TERPASANG/TERKIRIM","TERPASANG/TERKIRIM","TERPASANG/TERKIRIM","TERPASANG/TERKIRIM","TIBA DILOKASI","TERPASANG/TERKIRIM","TIBA DILOKASI","TERPASANG/TERKIRIM","TRANSIT","",""
"752","TERPASANG/TERKIRIM","TIBA DILOKASI","TIBA DILOKASI","TIBA DILOKASI","PENGIRIMAN","","TERPASANG/TERKIRIM","PENGIRIMAN","TRANSIT","TERPASANG/TERKIRIM","PENGIRIMAN","PENGIRIMAN","TRANSIT","","TRANSIT","",""
"753","TERPASANG/TERKIRIM","TIBA DILOKASI","TIBA DILOKASI","TIBA DILOKASI","PENGIRIMAN","","TERPASANG/TERKIRIM","PENGIRIMAN","TRANSIT","TERPASANG/TERKIRIM","PENGIRIMAN","PENGIRIMAN","TRANSIT","","TRANSIT","",""
"754","TERPASANG/TERKIRIM","TIBA DILOKASI","TIBA DILOKASI","TIBA DILOKASI","PENGIRIMAN","","TERPASANG/TERKIRIM","PENGIRIMAN","TRANSIT","TERPASANG/TERKIRIM","TIBA DILOKASI","PENGIRIMAN","","","TRANSIT","",""
"755","TERPASANG/TERKIRIM","TIBA DILOKASI","TIBA DILOKASI","TIBA DILOKASI","PENGIRIMAN","","TERPASANG/TERKIRIM","PENGIRIMAN","TERPASANG/TERKIRIM","TERPASANG/TERKIRIM","TIBA DILOKASI","PENGIRIMAN","","","TRANSIT","",""
"756","TERPASANG/TERKIRIM","TIBA DILOKASI","TIBA DILOKASI","TIBA DILOKASI","PENGIRIMAN","","TERPASANG/TERKIRIM","PENGIRIMAN","TERPASANG/TERKIRIM","TERPASANG/TERKIRIM","TIBA DILOKASI","PENGIRIMAN","","","TRANSIT","",""
"757","TERPASANG/TERKIRIM","TIBA DILOKASI","TIBA DILOKASI","TIBA DILOKASI","PENGIRIMAN","","TERPASANG/TERKIRIM","PENGIRIMAN","TERPASANG/TERKIRIM","TERPASANG/TERKIRIM","TIBA DILOKASI","PENGIRIMAN","","","TRANSIT","",""
"758","TERPASANG/TERKIRIM","TIBA DILOKASI","TIBA DILOKASI","TIBA DILOKASI","PENGIRIMAN","","TERPASANG/TERKIRIM","PENGIRIMAN","TERPASANG/TERKIRIM","TERPASANG/TERKIRIM","PENGIRIMAN","PENGIRIMAN","","","TRANSIT","",""
"759","TERPASANG/TERKIRIM","TIBA DILOKASI","TIBA DILOKASI","TIBA DILOKASI","PENGIRIMAN","","TERPASANG/TERKIRIM","PENGIRIMAN","TERPASANG/TERKIRIM","TERPASANG/TERKIRIM","TIBA DILOKASI","PENGIRIMAN","","","TRANSIT","",""
"760","TERPASANG/TERKIRIM","TIBA DILOKASI","TIBA DILOKASI","TIBA DILOKASI","PENGIRIMAN","","TERPASANG/TERKIRIM","PENGIRIMAN","TERPASANG/TERKIRIM","TERPASANG/TERKIRIM","TIBA DILOKASI","PENGIRIMAN","","","TRANSIT","",""
"761","TERPASANG/TERKIRIM","TIBA DILOKASI","TIBA DILOKASI","TIBA DILOKASI","PENGIRIMAN","","TERPASANG/TERKIRIM","PENGIRIMAN","TERPASANG/TERKIRIM","TERPASANG/TERKIRIM","TIBA DILOKASI","PENGIRIMAN","","","TRANSIT","",""
"762","TERPASANG/TERKIRIM","TIBA DILOKASI","TIBA DILOKASI","TIBA DILOKASI","PENGIRIMAN","","TERPASANG/TERKIRIM","PENGIRIMAN","TERPASANG/TERKIRIM","TERPASANG/TERKIRIM","PENGIRIMAN","PENGIRIMAN","","","TRANSIT","",""
"763","TERPASANG/TERKIRIM","TIBA DILOKASI","TIBA DILOKASI","TIBA DILOKASI","PENGIRIMAN","","TERPASANG/TERKIRIM","PENGIRIMAN","TRANSIT","TERPASANG/TERKIRIM","TIBA DILOKASI","PENGIRIMAN","","","TRANSIT","",""
"764","TERPASANG/TERKIRIM","TIBA DILOKASI","TIBA DILOKASI","TIBA DILOKASI","PENGIRIMAN","","TERPASANG/TERKIRIM","PENGIRIMAN","TRANSIT","TERPASANG/TERKIRIM","TIBA DILOKASI","PENGIRIMAN","","","TRANSIT","",""
"765","TERPASANG/TERKIRIM","TIBA DILOKASI","TIBA DILOKASI","TIBA DILOKASI","PENGIRIMAN","","TERPASANG/TERKIRIM","TERPASANG/TERKIRIM","TRANSIT","TERPASANG/TERKIRIM","TIBA DILOKASI","PENGIRIMAN","","","TRANSIT","",""
"766","TERPASANG/TERKIRIM","TIBA DILOKASI","TIBA DILOKASI","TIBA DILOKASI","TERPASANG/TERKIRIM","TERPASANG/TERKIRIM","TERPASANG/TERKIRIM","PENGIRIMAN","TERPASANG/TERKIRIM","TERPASANG/TERKIRIM","TIBA DILOKASI","TERPASANG/TERKIRIM","TIBA DILOKASI","TERPASANG/TERKIRIM","TRANSIT","",""
"767","TERPASANG/TERKIRIM","TIBA DILOKASI","TIBA DILOKASI","TIBA DILOKASI","TERPASANG/TERKIRIM","TERPASANG/TERKIRIM","TERPASANG/TERKIRIM","TERPASANG/TERKIRIM","TERPASANG/TERKIRIM","TERPASANG/TERKIRIM","TIBA DILOKASI","TERPASANG/TERKIRIM","TIBA DILOKASI","TERPASANG/TERKIRIM","TRANSIT","",""
"768","TERPASANG/TERKIRIM","TIBA DILOKASI","TIBA DILOKASI","TIBA DILOKASI","PENGIRIMAN","TERPASANG/TERKIRIM","TERPASANG/TERKIRIM","PENGIRIMAN","TERPASANG/TERKIRIM","TERPASANG/TERKIRIM","PENGIRIMAN","PENGIRIMAN","","","TRANSIT","",""
"769","TERPASANG/TERKIRIM","TIBA DILOKASI","TIBA DILOKASI","TIBA DILOKASI","TERPASANG/TERKIRIM","TERPASANG/TERKIRIM","TERPASANG/TERKIRIM","TERPASANG/TERKIRIM","TERPASANG/TERKIRIM","TERPASANG/TERKIRIM","TIBA DILOKASI","TERPASANG/TERKIRIM","TIBA DILOKASI","TERPASANG/TERKIRIM","TRANSIT","",""
"770","TERPASANG/TERKIRIM","TIBA DILOKASI","TIBA DILOKASI","TIBA DILOKASI","PENGIRIMAN","","TERPASANG/TERKIRIM","PENGIRIMAN","TRANSIT","TERPASANG/TERKIRIM","PENGIRIMAN","PENGIRIMAN","","","TRANSIT","",""
"771","TERPASANG/TERKIRIM","TIBA DILOKASI","TIBA DILOKASI","TIBA DILOKASI","PENGIRIMAN","TERPASANG/TERKIRIM","TERPASANG/TERKIRIM","PENGIRIMAN","TERPASANG/TERKIRIM","TERPASANG/TERKIRIM","PENGIRIMAN","PENGIRIMAN","","","TRANSIT","",""
"772","TERPASANG/TERKIRIM","TIBA DILOKASI","TIBA DILOKASI","TIBA DILOKASI","TERPASANG/TERKIRIM","TERPASANG/TERKIRIM","TERPASANG/TERKIRIM","TERPASANG/TERKIRIM","TERPASANG/TERKIRIM","TERPASANG/TERKIRIM","TIBA DILOKASI","TERPASANG/TERKIRIM","TIBA DILOKASI","TERPASANG/TERKIRIM","TRANSIT","",""
"773","TERPASANG/TERKIRIM","TIBA DILOKASI","TIBA DILOKASI","TIBA DILOKASI","PENGIRIMAN","TERPASANG/TERKIRIM","TERPASANG/TERKIRIM","","PENGIRIMAN","TERPASANG/TERKIRIM","PENGIRIMAN","PENGIRIMAN","","","TRANSIT","",""
"774","TERPASANG/TERKIRIM","TIBA DILOKASI","TIBA DILOKASI","TIBA DILOKASI","PENGIRIMAN","","TERPASANG/TERKIRIM","","PENGIRIMAN","TERPASANG/TERKIRIM","TIBA DILOKASI","PENGIRIMAN","","","TRANSIT","",""
"775","TERPASANG/TERKIRIM","TIBA DILOKASI","TIBA DILOKASI","TIBA DILOKASI","PENGIRIMAN","TERPASANG/TERKIRIM","TERPASANG/TERKIRIM","","PENGIRIMAN","TERPASANG/TERKIRIM","PENGIRIMAN","PENGIRIMAN","","","TRANSIT","",""
"776","TERPASANG/TERKIRIM","TIBA DILOKASI","TIBA DILOKASI","TIBA DILOKASI","PENGIRIMAN","TERPASANG/TERKIRIM","TERPASANG/TERKIRIM","","PENGIRIMAN","TERPASANG/TERKIRIM","PENGIRIMAN","PENGIRIMAN","","","TRANSIT","",""
"777","TERPASANG/TERKIRIM","TIBA DILOKASI","TIBA DILOKASI","TIBA DILOKASI","PENGIRIMAN","","TERPASANG/TERKIRIM","","PENGIRIMAN","TERPASANG/TERKIRIM","PENGIRIMAN","PENGIRIMAN","","","TRANSIT","",""
"778","TERPASANG/TERKIRIM","TIBA DILOKASI","TIBA DILOKASI","TIBA DILOKASI","PENGIRIMAN","TERPASANG/TERKIRIM","TERPASANG/TERKIRIM","","PENGIRIMAN","TERPASANG/TERKIRIM","PENGIRIMAN","PENGIRIMAN","","","TRANSIT","",""
"779","TERPASANG/TERKIRIM","TIBA DILOKASI","TIBA DILOKASI","TIBA DILOKASI","PENGIRIMAN","TERPASANG/TERKIRIM","TERPASANG/TERKIRIM","","PENGIRIMAN","TERPASANG/TERKIRIM","TIBA DILOKASI","PENGIRIMAN","","","TRANSIT","",""
"780","TERPASANG/TERKIRIM","TIBA DILOKASI","TIBA DILOKASI","TIBA DILOKASI","PENGIRIMAN","","TERPASANG/TERKIRIM","","PENGIRIMAN","TERPASANG/TERKIRIM","PENGIRIMAN","PENGIRIMAN","","","TRANSIT","",""
"781","TERPASANG/TERKIRIM","TIBA DILOKASI","TIBA DILOKASI","TIBA DILOKASI","PENGIRIMAN","","TERPASANG/TERKIRIM","","PENGIRIMAN","TERPASANG/TERKIRIM","TIBA DILOKASI","PENGIRIMAN","","","TRANSIT","",""
"782","TERPASANG/TERKIRIM","TIBA DILOKASI","TIBA DILOKASI","TIBA DILOKASI","PENGIRIMAN","","TERPASANG/TERKIRIM","","PENGIRIMAN","TERPASANG/TERKIRIM","PENGIRIMAN","PENGIRIMAN","","","TRANSIT","",""
"783","TERPASANG/TERKIRIM","TIBA DILOKASI","TIBA DILOKASI","TIBA DILOKASI","PENGIRIMAN","","TERPASANG/TERKIRIM","","PENGIRIMAN","TERPASANG/TERKIRIM","TIBA DILOKASI","PENGIRIMAN","","","TRANSIT","",""
"784","TERPASANG/TERKIRIM","TIBA DILOKASI","TIBA DILOKASI","TIBA DILOKASI","PENGIRIMAN","","TERPASANG/TERKIRIM","","PENGIRIMAN","TERPASANG/TERKIRIM","PENGIRIMAN","PENGIRIMAN","","","TRANSIT","",""
"785","TERPASANG/TERKIRIM","TIBA DILOKASI","TIBA DILOKASI","TIBA DILOKASI","PENGIRIMAN","","TERPASANG/TERKIRIM","","PENGIRIMAN","TERPASANG/TERKIRIM","PENGIRIMAN","PENGIRIMAN","","","TRANSIT","",""
"786","TERPASANG/TERKIRIM","TIBA DILOKASI","TIBA DILOKASI","TIBA DILOKASI","PENGIRIMAN","","TERPASANG/TERKIRIM","","PENGIRIMAN","TERPASANG/TERKIRIM","PENGIRIMAN","PENGIRIMAN","","","TRANSIT","",""
"787","TERPASANG/TERKIRIM","TIBA DILOKASI","TIBA DILOKASI","TIBA DILOKASI","PENGIRIMAN","","TERPASANG/TERKIRIM","","PENGIRIMAN","TERPASANG/TERKIRIM","TIBA DILOKASI","PENGIRIMAN","","","TRANSIT","",""
"788","TERPASANG/TERKIRIM","TIBA DILOKASI","TIBA DILOKASI","TIBA DILOKASI","PENGIRIMAN","","TERPASANG/TERKIRIM","PENGIRIMAN","PENGIRIMAN","TERPASANG/TERKIRIM","TIBA DILOKASI","PENGIRIMAN","","","TRANSIT","",""
"789","TERPASANG/TERKIRIM","TIBA DILOKASI","TIBA DILOKASI","TIBA DILOKASI","PENGIRIMAN","","TERPASANG/TERKIRIM","PENGIRIMAN","PENGIRIMAN","TERPASANG/TERKIRIM","TIBA DILOKASI","PENGIRIMAN","","","TRANSIT","",""
"790","TERPASANG/TERKIRIM","TIBA DILOKASI","TIBA DILOKASI","TIBA DILOKASI","PENGIRIMAN","","TERPASANG/TERKIRIM","PENGIRIMAN","PENGIRIMAN","TERPASANG/TERKIRIM","TIBA DILOKASI","PENGIRIMAN","","","TRANSIT","",""
"791","TERPASANG/TERKIRIM","TIBA DILOKASI","TIBA DILOKASI","TIBA DILOKASI","PENGIRIMAN","","TERPASANG/TERKIRIM","PENGIRIMAN","PENGIRIMAN","TERPASANG/TERKIRIM","PENGIRIMAN","PENGIRIMAN","","","TRANSIT","",""
"792","TERPASANG/TERKIRIM","TIBA DILOKASI","TIBA DILOKASI","TIBA DILOKASI","PENGIRIMAN","","TERPASANG/TERKIRIM","PENGIRIMAN","PENGIRIMAN","TERPASANG/TERKIRIM","PENGIRIMAN","PENGIRIMAN","","","TRANSIT","",""
"793","TERPASANG/TERKIRIM","TIBA DILOKASI","TIBA DILOKASI","TIBA DILOKASI","PENGIRIMAN","","TERPASANG/TERKIRIM","PENGIRIMAN","PENGIRIMAN","TERPASANG/TERKIRIM","PENGIRIMAN","PENGIRIMAN","","","TRANSIT","",""
"794","TERPASANG/TERKIRIM","TIBA DILOKASI","TIBA DILOKASI","TIBA DILOKASI","PENGIRIMAN","","TERPASANG/TERKIRIM","PENGIRIMAN","PENGIRIMAN","TERPASANG/TERKIRIM","PENGIRIMAN","PENGIRIMAN","","","TRANSIT","",""
"795","TERPASANG/TERKIRIM","TIBA DILOKASI","TIBA DILOKASI","TIBA DILOKASI","PENGIRIMAN","","TERPASANG/TERKIRIM","PENGIRIMAN","PENGIRIMAN","TERPASANG/TERKIRIM","PENGIRIMAN","PENGIRIMAN","","","TRANSIT","",""
"796","TERPASANG/TERKIRIM","TIBA DILOKASI","TIBA DILOKASI","TIBA DILOKASI","PENGIRIMAN","","TERPASANG/TERKIRIM","PENGIRIMAN","PENGIRIMAN","TERPASANG/TERKIRIM","PENGIRIMAN","PENGIRIMAN","","","TRANSIT","",""
"797","TERPASANG/TERKIRIM","TIBA DILOKASI","TIBA DILOKASI","TIBA DILOKASI","PENGIRIMAN","","TERPASANG/TERKIRIM","PENGIRIMAN","PENGIRIMAN","TERPASANG/TERKIRIM","TIBA DILOKASI","PENGIRIMAN","","","TRANSIT","",""
"798","TERPASANG/TERKIRIM","TIBA DILOKASI","TIBA DILOKASI","TIBA DILOKASI","PENGIRIMAN","","TERPASANG/TERKIRIM","PENGIRIMAN","PENGIRIMAN","TERPASANG/TERKIRIM","TIBA DILOKASI","PENGIRIMAN","","","TRANSIT","",""
"799","TERPASANG/TERKIRIM","TIBA DILOKASI","TIBA DILOKASI","TIBA DILOKASI","PENGIRIMAN","","TERPASANG/TERKIRIM","PENGIRIMAN","PENGIRIMAN","TERPASANG/TERKIRIM","TIBA DILOKASI","PENGIRIMAN","","","TRANSIT","",""
"800","TERPASANG/TERKIRIM","TIBA DILOKASI","TIBA DILOKASI","TIBA DILOKASI","PENGIRIMAN","","TERPASANG/TERKIRIM","PENGIRIMAN","PENGIRIMAN","TERPASANG/TERKIRIM","TIBA DILOKASI","PENGIRIMAN","","","TRANSIT","",""
"801","TERPASANG/TERKIRIM","TIBA DILOKASI","TIBA DILOKASI","TIBA DILOKASI","PENGIRIMAN","","TERPASANG/TERKIRIM","PENGIRIMAN","PENGIRIMAN","TERPASANG/TERKIRIM","PENGIRIMAN","PENGIRIMAN","","","TRANSIT","",""
"802","TERPASANG/TERKIRIM","TIBA DILOKASI","TIBA DILOKASI","TIBA DILOKASI","PENGIRIMAN","","TERPASANG/TERKIRIM","PENGIRIMAN","PENGIRIMAN","TERPASANG/TERKIRIM","PENGIRIMAN","PENGIRIMAN","","","TRANSIT","",""
"803","TERPASANG/TERKIRIM","TIBA DILOKASI","TIBA DILOKASI","TIBA DILOKASI","PENGIRIMAN","","TERPASANG/TERKIRIM","PENGIRIMAN","PENGIRIMAN","TRANSIT","TIBA DILOKASI","PENGIRIMAN","","","TRANSIT","",""
"804","TERPASANG/TERKIRIM","TIBA DILOKASI","TIBA DILOKASI","TIBA DILOKASI","PENGIRIMAN","","TERPASANG/TERKIRIM","PENGIRIMAN","PENGIRIMAN","TRANSIT","TIBA DILOKASI","PENGIRIMAN","","","TRANSIT","",""
"805","TERPASANG/TERKIRIM","TIBA DILOKASI","TIBA DILOKASI","TIBA DILOKASI","PENGIRIMAN","","TERPASANG/TERKIRIM","PENGIRIMAN","PENGIRIMAN","TRANSIT","PENGIRIMAN","PENGIRIMAN","","","TRANSIT","",""
"806","TERPASANG/TERKIRIM","TIBA DILOKASI","TIBA DILOKASI","TIBA DILOKASI","PENGIRIMAN","","TERPASANG/TERKIRIM","PENGIRIMAN","PENGIRIMAN","TRANSIT","PENGIRIMAN","PENGIRIMAN","","","TRANSIT","",""
"807","TERPASANG/TERKIRIM","TIBA DILOKASI","TIBA DILOKASI","TIBA DILOKASI","PENGIRIMAN","","TERPASANG/TERKIRIM","PENGIRIMAN","PENGIRIMAN","TRANSIT","PENGIRIMAN","PENGIRIMAN","","","TRANSIT","",""
"808","TERPASANG/TERKIRIM","TIBA DILOKASI","TIBA DILOKASI","TIBA DILOKASI","PENGIRIMAN","","TERPASANG/TERKIRIM","PENGIRIMAN","PENGIRIMAN","TRANSIT","PENGIRIMAN","PENGIRIMAN","","","TRANSIT","",""
"809","TERPASANG/TERKIRIM","TIBA DILOKASI","TIBA DILOKASI","TIBA DILOKASI","PENGIRIMAN","","TERPASANG/TERKIRIM","PENGIRIMAN","PENGIRIMAN","TRANSIT","PENGIRIMAN","PENGIRIMAN","","","TRANSIT","",""
"810","TERPASANG/TERKIRIM","TIBA DILOKASI","TIBA DILOKASI","TIBA DILOKASI","PENGIRIMAN","","TERPASANG/TERKIRIM","PENGIRIMAN","TRANSIT","TRANSIT","TIBA DILOKASI","PENGIRIMAN","","","TRANSIT","",""
"811","TERPASANG/TERKIRIM","TIBA DILOKASI","TIBA DILOKASI","TIBA DILOKASI","PENGIRIMAN","","TERPASANG/TERKIRIM","PENGIRIMAN","TRANSIT","TRANSIT","PENGIRIMAN","PENGIRIMAN","","","TRANSIT","",""
"812","TERPASANG/TERKIRIM","TIBA DILOKASI","TIBA DILOKASI","TIBA DILOKASI","PENGIRIMAN","","TERPASANG/TERKIRIM","PENGIRIMAN","TRANSIT","TRANSIT","PENGIRIMAN","PENGIRIMAN","","","TRANSIT","",""
"813","TERPASANG/TERKIRIM","TIBA DILOKASI","TIBA DILOKASI","TIBA DILOKASI","PENGIRIMAN","","TERPASANG/TERKIRIM","PENGIRIMAN","TRANSIT","TRANSIT","PENGIRIMAN","PENGIRIMAN","","","TRANSIT","",""
"814","TERPASANG/TERKIRIM","TIBA DILOKASI","TIBA DILOKASI","TIBA DILOKASI","PENGIRIMAN","","TERPASANG/TERKIRIM","PENGIRIMAN","TRANSIT","TRANSIT","PENGIRIMAN","PENGIRIMAN","","","TRANSIT","",""
"815","TERPASANG/TERKIRIM","TIBA DILOKASI","TIBA DILOKASI","TIBA DILOKASI","PENGIRIMAN","","TERPASANG/TERKIRIM","PENGIRIMAN","TRANSIT","TRANSIT","PENGIRIMAN","PENGIRIMAN","","","TRANSIT","",""
"816","TERPASANG/TERKIRIM","TIBA DILOKASI","TIBA DILOKASI","TIBA DILOKASI","PENGIRIMAN","","TERPASANG/TERKIRIM","PENGIRIMAN","TRANSIT","TRANSIT","PENGIRIMAN","PENGIRIMAN","","","TRANSIT","",""
"817","TERPASANG/TERKIRIM","TIBA DILOKASI","TIBA DILOKASI","TIBA DILOKASI","PENGIRIMAN","TERPASANG/TERKIRIM","TERPASANG/TERKIRIM","PENGIRIMAN","TRANSIT","TRANSIT","TIBA DILOKASI","PENGIRIMAN","","","TRANSIT","",""
"818","TERPASANG/TERKIRIM","TIBA DILOKASI","TIBA DILOKASI","TIBA DILOKASI","TERPASANG/TERKIRIM","TERPASANG/TERKIRIM","TERPASANG/TERKIRIM","TERPASANG/TERKIRIM","TERPASANG/TERKIRIM","TERPASANG/TERKIRIM","TIBA DILOKASI","PENGIRIMAN","TIBA DILOKASI","TERPASANG/TERKIRIM","TRANSIT","",""
"819","TERPASANG/TERKIRIM","TIBA DILOKASI","TIBA DILOKASI","TIBA DILOKASI","PENGIRIMAN","","TERPASANG/TERKIRIM","PENGIRIMAN","TERPASANG/TERKIRIM","TRANSIT","PENGIRIMAN","PENGIRIMAN","","","TRANSIT","",""
"820","TERPASANG/TERKIRIM","TIBA DILOKASI","TIBA DILOKASI","TIBA DILOKASI","PENGIRIMAN","TERPASANG/TERKIRIM","TERPASANG/TERKIRIM","PENGIRIMAN","TERPASANG/TERKIRIM","TRANSIT","PENGIRIMAN","PENGIRIMAN","","","TRANSIT","",""
"821","TERPASANG/TERKIRIM","TIBA DILOKASI","TIBA DILOKASI","TIBA DILOKASI","PENGIRIMAN","TERPASANG/TERKIRIM","TERPASANG/TERKIRIM","PENGIRIMAN","TERPASANG/TERKIRIM","TRANSIT","PENGIRIMAN","PENGIRIMAN","","","TRANSIT","",""
"822","TERPASANG/TERKIRIM","TIBA DILOKASI","TIBA DILOKASI","TIBA DILOKASI","PENGIRIMAN","","TERPASANG/TERKIRIM","","TERPASANG/TERKIRIM","TRANSIT","TIBA DILOKASI","PENGIRIMAN","","","TRANSIT","",""
"823","TERPASANG/TERKIRIM","TIBA DILOKASI","TIBA DILOKASI","TIBA DILOKASI","PENGIRIMAN","","TERPASANG/TERKIRIM","","TERPASANG/TERKIRIM","TRANSIT","PENGIRIMAN","PENGIRIMAN","","","TRANSIT","",""
"824","TERPASANG/TERKIRIM","TIBA DILOKASI","TIBA DILOKASI","TIBA DILOKASI","PENGIRIMAN","","TERPASANG/TERKIRIM","","TRANSIT","TRANSIT","PENGIRIMAN","PENGIRIMAN","","","TRANSIT","",""
"825","TERPASANG/TERKIRIM","TIBA DILOKASI","TIBA DILOKASI","TIBA DILOKASI","PENGIRIMAN","TERPASANG/TERKIRIM","TERPASANG/TERKIRIM","TERPASANG/TERKIRIM","TIBA DILOKASI","TERPASANG/TERKIRIM","TIBA DILOKASI","PENGIRIMAN","PENGIRIMAN","PENGIRIMAN","","",""
"826","TERPASANG/TERKIRIM","TIBA DILOKASI","TIBA DILOKASI","TIBA DILOKASI","PENGIRIMAN","TERPASANG/TERKIRIM","TERPASANG/TERKIRIM","TRANSIT","TIBA DILOKASI","TIBA DILOKASI","TIBA DILOKASI","PENGIRIMAN","PENGIRIMAN","PENGIRIMAN","","",""
"827","TERPASANG/TERKIRIM","TIBA DILOKASI","TIBA DILOKASI","TIBA DILOKASI","PENGIRIMAN","TERPASANG/TERKIRIM","TERPASANG/TERKIRIM","TRANSIT","TERPASANG/TERKIRIM","TIBA DILOKASI","TIBA DILOKASI","PENGIRIMAN","PENGIRIMAN","PENGIRIMAN","","",""
"828","TERPASANG/TERKIRIM","TIBA DILOKASI","TIBA DILOKASI","TIBA DILOKASI","TERPASANG/TERKIRIM","TERPASANG/TERKIRIM","TERPASANG/TERKIRIM","TRANSIT","TIBA DILOKASI","TERPASANG/TERKIRIM","TIBA DILOKASI","PENGIRIMAN","PENGIRIMAN","PENGIRIMAN","","",""
"829","TERPASANG/TERKIRIM","TIBA DILOKASI","TIBA DILOKASI","TIBA DILOKASI","TERPASANG/TERKIRIM","TERPASANG/TERKIRIM","TERPASANG/TERKIRIM","TRANSIT","TERPASANG/TERKIRIM","TERPASANG/TERKIRIM","TIBA DILOKASI","PENGIRIMAN","PENGIRIMAN","PENGIRIMAN","","",""
"830","TERPASANG/TERKIRIM","TIBA DILOKASI","TIBA DILOKASI","TIBA DILOKASI","PENGIRIMAN","TERPASANG/TERKIRIM","TERPASANG/TERKIRIM","PENGIRIMAN","TERPASANG/TERKIRIM","TIBA DILOKASI","TIBA DILOKASI","PENGIRIMAN","PENGIRIMAN","PENGIRIMAN","","",""
"831","TERPASANG/TERKIRIM","TIBA DILOKASI","TIBA DILOKASI","TIBA DILOKASI","PENGIRIMAN","TERPASANG/TERKIRIM","TERPASANG/TERKIRIM","TRANSIT","TIBA DILOKASI","TERPASANG/TERKIRIM","TIBA DILOKASI","PENGIRIMAN","PENGIRIMAN","PENGIRIMAN","","",""
"832","TERPASANG/TERKIRIM","TIBA DILOKASI","TIBA DILOKASI","TIBA DILOKASI","TERPASANG/TERKIRIM","TERPASANG/TERKIRIM","TERPASANG/TERKIRIM","TRANSIT","TIBA DILOKASI","TIBA DILOKASI","TIBA DILOKASI","PENGIRIMAN","PENGIRIMAN","PENGIRIMAN","","",""
"833","TERPASANG/TERKIRIM","TIBA DILOKASI","TIBA DILOKASI","TIBA DILOKASI","PENGIRIMAN","TERPASANG/TERKIRIM","TERPASANG/TERKIRIM","TRANSIT","TERPASANG/TERKIRIM","TIBA DILOKASI","TIBA DILOKASI","PENGIRIMAN","PENGIRIMAN","PENGIRIMAN","","",""
"834","TERPASANG/TERKIRIM","TIBA DILOKASI","TIBA DILOKASI","TIBA DILOKASI","TERPASANG/TERKIRIM","TERPASANG/TERKIRIM","TERPASANG/TERKIRIM","TRANSIT","TIBA DILOKASI","TERPASANG/TERKIRIM","TIBA DILOKASI","PENGIRIMAN","PENGIRIMAN","PENGIRIMAN","","",""
"835","TERPASANG/TERKIRIM","TIBA DILOKASI","TIBA DILOKASI","TIBA DILOKASI","TERPASANG/TERKIRIM","TERPASANG/TERKIRIM","TERPASANG/TERKIRIM","TRANSIT","TIBA DILOKASI","TIBA DILOKASI","TIBA DILOKASI","PENGIRIMAN","PENGIRIMAN","PENGIRIMAN","","",""
"836","TERPASANG/TERKIRIM","TIBA DILOKASI","TIBA DILOKASI","TIBA DILOKASI","TERPASANG/TERKIRIM","TERPASANG/TERKIRIM","TERPASANG/TERKIRIM","TRANSIT","TERPASANG/TERKIRIM","TIBA DILOKASI","TIBA DILOKASI","PENGIRIMAN","PENGIRIMAN","PENGIRIMAN","","",""
"837","TERPASANG/TERKIRIM","TIBA DILOKASI","TIBA DILOKASI","TIBA DILOKASI","TERPASANG/TERKIRIM","TERPASANG/TERKIRIM","TERPASANG/TERKIRIM","TERPASANG/TERKIRIM","TERPASANG/TERKIRIM","TERPASANG/TERKIRIM","TIBA DILOKASI","PENGIRIMAN","PENGIRIMAN","PENGIRIMAN","","",""
"838","TERPASANG/TERKIRIM","TIBA DILOKASI","TIBA DILOKASI","TIBA DILOKASI","PENGIRIMAN","TERPASANG/TERKIRIM","TERPASANG/TERKIRIM","TERPASANG/TERKIRIM","TERPASANG/TERKIRIM","TERPASANG/TERKIRIM","TIBA DILOKASI","PENGIRIMAN","PENGIRIMAN","PENGIRIMAN","","",""
"839","TERPASANG/TERKIRIM","TIBA DILOKASI","TIBA DILOKASI","TIBA DILOKASI","PENGIRIMAN","TERPASANG/TERKIRIM","TERPASANG/TERKIRIM","TERPASANG/TERKIRIM","TERPASANG/TERKIRIM","TIBA DILOKASI","TIBA DILOKASI","PENGIRIMAN","PENGIRIMAN","PENGIRIMAN","","",""
"840","TERPASANG/TERKIRIM","TIBA DILOKASI","TIBA DILOKASI","TIBA DILOKASI","TERPASANG/TERKIRIM","TERPASANG/TERKIRIM","TERPASANG/TERKIRIM","PENGIRIMAN","TERPASANG/TERKIRIM","TERPASANG/TERKIRIM","TIBA DILOKASI","PENGIRIMAN","PENGIRIMAN","PENGIRIMAN","","",""
"841","TERPASANG/TERKIRIM","TIBA DILOKASI","TIBA DILOKASI","TIBA DILOKASI","TERPASANG/TERKIRIM","TERPASANG/TERKIRIM","TERPASANG/TERKIRIM","TRANSIT","TERPASANG/TERKIRIM","TIBA DILOKASI","TIBA DILOKASI","PENGIRIMAN","PENGIRIMAN","PENGIRIMAN","","",""
"842","TERPASANG/TERKIRIM","TIBA DILOKASI","TIBA DILOKASI","TIBA DILOKASI","PENGIRIMAN","TERPASANG/TERKIRIM","TERPASANG/TERKIRIM","TERPASANG/TERKIRIM","TERPASANG/TERKIRIM","TERPASANG/TERKIRIM","TIBA DILOKASI","PENGIRIMAN","PENGIRIMAN","PENGIRIMAN","","",""
"843","TERPASANG/TERKIRIM","TIBA DILOKASI","TIBA DILOKASI","TIBA DILOKASI","TERPASANG/TERKIRIM","TERPASANG/TERKIRIM","TERPASANG/TERKIRIM","PENGIRIMAN","TERPASANG/TERKIRIM","TERPASANG/TERKIRIM","TIBA DILOKASI","PENGIRIMAN","PENGIRIMAN","PENGIRIMAN","","",""
"844","TERPASANG/TERKIRIM","TIBA DILOKASI","TIBA DILOKASI","TIBA DILOKASI","PENGIRIMAN","TERPASANG/TERKIRIM","TERPASANG/TERKIRIM","TERPASANG/TERKIRIM","TERPASANG/TERKIRIM","TIBA DILOKASI","TIBA DILOKASI","PENGIRIMAN","PENGIRIMAN","PENGIRIMAN","","",""
"845","TERPASANG/TERKIRIM","TIBA DILOKASI","TIBA DILOKASI","TIBA DILOKASI","TERPASANG/TERKIRIM","TERPASANG/TERKIRIM","TERPASANG/TERKIRIM","PENGIRIMAN","TERPASANG/TERKIRIM","TERPASANG/TERKIRIM","TIBA DILOKASI","PENGIRIMAN","PENGIRIMAN","PENGIRIMAN","","",""
"846","TERPASANG/TERKIRIM","TIBA DILOKASI","TIBA DILOKASI","TIBA DILOKASI","PENGIRIMAN","TERPASANG/TERKIRIM","TERPASANG/TERKIRIM","TERPASANG/TERKIRIM","TERPASANG/TERKIRIM","TIBA DILOKASI","TIBA DILOKASI","PENGIRIMAN","PENGIRIMAN","PENGIRIMAN","","",""
"847","TERPASANG/TERKIRIM","TIBA DILOKASI","TIBA DILOKASI","TIBA DILOKASI","PENGIRIMAN","TERPASANG/TERKIRIM","TERPASANG/TERKIRIM","TERPASANG/TERKIRIM","TERPASANG/TERKIRIM","TERPASANG/TERKIRIM","TIBA DILOKASI","PENGIRIMAN","PENGIRIMAN","PENGIRIMAN","","",""
"848","TERPASANG/TERKIRIM","TIBA DILOKASI","TIBA DILOKASI","TIBA DILOKASI","TERPASANG/TERKIRIM","TERPASANG/TERKIRIM","TERPASANG/TERKIRIM","TRANSIT","TERPASANG/TERKIRIM","TERPASANG/TERKIRIM","TIBA DILOKASI","PENGIRIMAN","PENGIRIMAN","PENGIRIMAN","","",""
"849","TERPASANG/TERKIRIM","TIBA DILOKASI","TIBA DILOKASI","TIBA DILOKASI","PENGIRIMAN","TERPASANG/TERKIRIM","TERPASANG/TERKIRIM","PENGIRIMAN","TERPASANG/TERKIRIM","TERPASANG/TERKIRIM","TIBA DILOKASI","PENGIRIMAN","PENGIRIMAN","PENGIRIMAN","","",""
"850","TERPASANG/TERKIRIM","TIBA DILOKASI","TIBA DILOKASI","TIBA DILOKASI","TERPASANG/TERKIRIM","TERPASANG/TERKIRIM","TERPASANG/TERKIRIM","TERPASANG/TERKIRIM","TERPASANG/TERKIRIM","TERPASANG/TERKIRIM","TIBA DILOKASI","PENGIRIMAN","PENGIRIMAN","PENGIRIMAN","","",""
"851","TERPASANG/TERKIRIM","TIBA DILOKASI","TIBA DILOKASI","TIBA DILOKASI","TERPASANG/TERKIRIM","TERPASANG/TERKIRIM","TERPASANG/TERKIRIM","TRANSIT","TERPASANG/TERKIRIM","TERPASANG/TERKIRIM","TIBA DILOKASI","PENGIRIMAN","PENGIRIMAN","PENGIRIMAN","","",""
"852","TERPASANG/TERKIRIM","TIBA DILOKASI","TIBA DILOKASI","TIBA DILOKASI","TERPASANG/TERKIRIM","TERPASANG/TERKIRIM","TERPASANG/TERKIRIM","TRANSIT","TERPASANG/TERKIRIM","TIBA DILOKASI","TIBA DILOKASI","PENGIRIMAN","PENGIRIMAN","PENGIRIMAN","","",""
"853","TERPASANG/TERKIRIM","TIBA DILOKASI","TIBA DILOKASI","TIBA DILOKASI","PENGIRIMAN","TERPASANG/TERKIRIM","TERPASANG/TERKIRIM","TERPASANG/TERKIRIM","TERPASANG/TERKIRIM","TIBA DILOKASI","TIBA DILOKASI","PENGIRIMAN","PENGIRIMAN","PENGIRIMAN","","",""
"854","TERPASANG/TERKIRIM","TIBA DILOKASI","TIBA DILOKASI","TIBA DILOKASI","PENGIRIMAN","TERPASANG/TERKIRIM","TERPASANG/TERKIRIM","TERPASANG/TERKIRIM","TERPASANG/TERKIRIM","TIBA DILOKASI","TIBA DILOKASI","PENGIRIMAN","PENGIRIMAN","PENGIRIMAN","","",""
"855","TERPASANG/TERKIRIM","TIBA DILOKASI","TIBA DILOKASI","TIBA DILOKASI","PENGIRIMAN","TERPASANG/TERKIRIM","TERPASANG/TERKIRIM","TERPASANG/TERKIRIM","TERPASANG/TERKIRIM","TIBA DILOKASI","TIBA DILOKASI","PENGIRIMAN","PENGIRIMAN","PENGIRIMAN","","",""
"856","TERPASANG/TERKIRIM","TIBA DILOKASI","TIBA DILOKASI","TIBA DILOKASI","TERPASANG/TERKIRIM","TERPASANG/TERKIRIM","TERPASANG/TERKIRIM","TRANSIT","TERPASANG/TERKIRIM","TERPASANG/TERKIRIM","TIBA DILOKASI","PENGIRIMAN","PENGIRIMAN","PENGIRIMAN","","",""
"857","TERPASANG/TERKIRIM","TIBA DILOKASI","TIBA DILOKASI","TIBA DILOKASI","PENGIRIMAN","TERPASANG/TERKIRIM","TERPASANG/TERKIRIM","TERPASANG/TERKIRIM","TERPASANG/TERKIRIM","TIBA DILOKASI","TIBA DILOKASI","PENGIRIMAN","PENGIRIMAN","PENGIRIMAN","","",""
"858","TERPASANG/TERKIRIM","TIBA DILOKASI","TIBA DILOKASI","TIBA DILOKASI","TERPASANG/TERKIRIM","TERPASANG/TERKIRIM","TERPASANG/TERKIRIM","TRANSIT","TERPASANG/TERKIRIM","TERPASANG/TERKIRIM","TIBA DILOKASI","PENGIRIMAN","PENGIRIMAN","PENGIRIMAN","","",""
"859","TERPASANG/TERKIRIM","TIBA DILOKASI","TIBA DILOKASI","TIBA DILOKASI","TERPASANG/TERKIRIM","TERPASANG/TERKIRIM","TERPASANG/TERKIRIM","TERPASANG/TERKIRIM","TERPASANG/TERKIRIM","TERPASANG/TERKIRIM","TIBA DILOKASI","PENGIRIMAN","PENGIRIMAN","PENGIRIMAN","","",""
"860","TERPASANG/TERKIRIM","TIBA DILOKASI","TIBA DILOKASI","TIBA DILOKASI","TERPASANG/TERKIRIM","","TERPASANG/TERKIRIM","TRANSIT","TERPASANG/TERKIRIM","TIBA DILOKASI","TIBA DILOKASI","PENGIRIMAN","PENGIRIMAN","PENGIRIMAN","","",""
"861","TERPASANG/TERKIRIM","TIBA DILOKASI","TIBA DILOKASI","TIBA DILOKASI","PENGIRIMAN","","TERPASANG/TERKIRIM","TRANSIT","TERPASANG/TERKIRIM","TIBA DILOKASI","TIBA DILOKASI","PENGIRIMAN","PENGIRIMAN","PENGIRIMAN","","",""
"862","TERPASANG/TERKIRIM","TIBA DILOKASI","TIBA DILOKASI","TIBA DILOKASI","TERPASANG/TERKIRIM","","TERPASANG/TERKIRIM","TERPASANG/TERKIRIM","TERPASANG/TERKIRIM","TERPASANG/TERKIRIM","TIBA DILOKASI","PENGIRIMAN","PENGIRIMAN","PENGIRIMAN","","",""
"863","TERPASANG/TERKIRIM","TIBA DILOKASI","TIBA DILOKASI","TIBA DILOKASI","TERPASANG/TERKIRIM","","TERPASANG/TERKIRIM","PENGIRIMAN","TERPASANG/TERKIRIM","TERPASANG/TERKIRIM","TIBA DILOKASI","PENGIRIMAN","PENGIRIMAN","PENGIRIMAN","","",""
"864","TERPASANG/TERKIRIM","TIBA DILOKASI","TIBA DILOKASI","TIBA DILOKASI","PENGIRIMAN","","TERPASANG/TERKIRIM","TERPASANG/TERKIRIM","TERPASANG/TERKIRIM","TIBA DILOKASI","TIBA DILOKASI","PENGIRIMAN","PENGIRIMAN","PENGIRIMAN","","",""
"865","TERPASANG/TERKIRIM","TIBA DILOKASI","TIBA DILOKASI","TIBA DILOKASI","PENGIRIMAN","","TERPASANG/TERKIRIM","TERPASANG/TERKIRIM","TERPASANG/TERKIRIM","TIBA DILOKASI","TIBA DILOKASI","PENGIRIMAN","PENGIRIMAN","PENGIRIMAN","","",""
"866","TERPASANG/TERKIRIM","TIBA DILOKASI","TIBA DILOKASI","TIBA DILOKASI","PENGIRIMAN","","TERPASANG/TERKIRIM","TERPASANG/TERKIRIM","TERPASANG/TERKIRIM","TIBA DILOKASI","TIBA DILOKASI","PENGIRIMAN","PENGIRIMAN","PENGIRIMAN","","",""
"867","TERPASANG/TERKIRIM","TIBA DILOKASI","TIBA DILOKASI","TIBA DILOKASI","PENGIRIMAN","","TERPASANG/TERKIRIM","TERPASANG/TERKIRIM","TERPASANG/TERKIRIM","TIBA DILOKASI","TIBA DILOKASI","PENGIRIMAN","PENGIRIMAN","PENGIRIMAN","","",""
"868","TERPASANG/TERKIRIM","TIBA DILOKASI","TIBA DILOKASI","TIBA DILOKASI","TERPASANG/TERKIRIM","","TERPASANG/TERKIRIM","TRANSIT","TERPASANG/TERKIRIM","TIBA DILOKASI","TIBA DILOKASI","PENGIRIMAN","PENGIRIMAN","PENGIRIMAN","","",""
"869","TERPASANG/TERKIRIM","TIBA DILOKASI","TIBA DILOKASI","TIBA DILOKASI","TERPASANG/TERKIRIM","","TERPASANG/TERKIRIM","TRANSIT","TERPASANG/TERKIRIM","TIBA DILOKASI","TIBA DILOKASI","PENGIRIMAN","PENGIRIMAN","PENGIRIMAN","","",""
"870","TERPASANG/TERKIRIM","TIBA DILOKASI","TIBA DILOKASI","TIBA DILOKASI","PENGIRIMAN","","TERPASANG/TERKIRIM","TERPASANG/TERKIRIM","TERPASANG/TERKIRIM","TERPASANG/TERKIRIM","TIBA DILOKASI","PENGIRIMAN","PENGIRIMAN","PENGIRIMAN","","",""
"871","TERPASANG/TERKIRIM","TIBA DILOKASI","TIBA DILOKASI","TIBA DILOKASI","TERPASANG/TERKIRIM","","TERPASANG/TERKIRIM","TERPASANG/TERKIRIM","TERPASANG/TERKIRIM","TERPASANG/TERKIRIM","TIBA DILOKASI","PENGIRIMAN","PENGIRIMAN","PENGIRIMAN","","",""
"872","TERPASANG/TERKIRIM","TIBA DILOKASI","TIBA DILOKASI","TIBA DILOKASI","PENGIRIMAN","","TERPASANG/TERKIRIM","TRANSIT","TERPASANG/TERKIRIM","TIBA DILOKASI","TIBA DILOKASI","PENGIRIMAN","PENGIRIMAN","PENGIRIMAN","","",""
"873","TERPASANG/TERKIRIM","TIBA DILOKASI","TIBA DILOKASI","TIBA DILOKASI","TERPASANG/TERKIRIM","","TERPASANG/TERKIRIM","TRANSIT","TERPASANG/TERKIRIM","TIBA DILOKASI","TIBA DILOKASI","PENGIRIMAN","PENGIRIMAN","PENGIRIMAN","","",""
"874","TERPASANG/TERKIRIM","TIBA DILOKASI","TIBA DILOKASI","TIBA DILOKASI","TERPASANG/TERKIRIM","","TERPASANG/TERKIRIM","PENGIRIMAN","TERPASANG/TERKIRIM","TERPASANG/TERKIRIM","TIBA DILOKASI","PENGIRIMAN","PENGIRIMAN","PENGIRIMAN","","",""
"875","TERPASANG/TERKIRIM","TIBA DILOKASI","TIBA DILOKASI","TIBA DILOKASI","TERPASANG/TERKIRIM","PENGIRIMAN","TERPASANG/TERKIRIM","PENGIRIMAN","TERPASANG/TERKIRIM","TERPASANG/TERKIRIM","TIBA DILOKASI","PENGIRIMAN","","","","",""
"876","TERPASANG/TERKIRIM","TIBA DILOKASI","TIBA DILOKASI","TIBA DILOKASI","TERPASANG/TERKIRIM","PENGIRIMAN","TERPASANG/TERKIRIM","PENGIRIMAN","TRANSIT","TERPASANG/TERKIRIM","PENGIRIMAN","PENGIRIMAN","","","","",""
"877","TERPASANG/TERKIRIM","TIBA DILOKASI","TIBA DILOKASI","TIBA DILOKASI","TERPASANG/TERKIRIM","PENGIRIMAN","TERPASANG/TERKIRIM","PENGIRIMAN","PENGIRIMAN","TERPASANG/TERKIRIM","PENGIRIMAN","PENGIRIMAN","","","","",""
"878","TERPASANG/TERKIRIM","TIBA DILOKASI","TIBA DILOKASI","TIBA DILOKASI","TERPASANG/TERKIRIM","PENGIRIMAN","TERPASANG/TERKIRIM","PENGIRIMAN","TRANSIT","TERPASANG/TERKIRIM","PENGIRIMAN","PENGIRIMAN","","","","",""
"879","TERPASANG/TERKIRIM","TIBA DILOKASI","TIBA DILOKASI","TIBA DILOKASI","TERPASANG/TERKIRIM","PENGIRIMAN","TERPASANG/TERKIRIM","PENGIRIMAN","TRANSIT","TERPASANG/TERKIRIM","PENGIRIMAN","PENGIRIMAN","","","","",""
"880","TERPASANG/TERKIRIM","TIBA DILOKASI","TIBA DILOKASI","TIBA DILOKASI","TERPASANG/TERKIRIM","PENGIRIMAN","TERPASANG/TERKIRIM","PENGIRIMAN","TRANSIT","TERPASANG/TERKIRIM","PENGIRIMAN","PENGIRIMAN","","","","",""
"881","TERPASANG/TERKIRIM","TIBA DILOKASI","TIBA DILOKASI","TIBA DILOKASI","TERPASANG/TERKIRIM","PENGIRIMAN","TERPASANG/TERKIRIM","PENGIRIMAN","TRANSIT","TERPASANG/TERKIRIM","TIBA DILOKASI","PENGIRIMAN","","","","",""
"882","TERPASANG/TERKIRIM","TIBA DILOKASI","TIBA DILOKASI","TIBA DILOKASI","TERPASANG/TERKIRIM","PENGIRIMAN","TERPASANG/TERKIRIM","PENGIRIMAN","TRANSIT","TERPASANG/TERKIRIM","PENGIRIMAN","PENGIRIMAN","","","","",""
"883","TERPASANG/TERKIRIM","TIBA DILOKASI","TIBA DILOKASI","TIBA DILOKASI","TERPASANG/TERKIRIM","PENGIRIMAN","TERPASANG/TERKIRIM","PENGIRIMAN","TRANSIT","TERPASANG/TERKIRIM","TIBA DILOKASI","PENGIRIMAN","","","","",""
"884","TERPASANG/TERKIRIM","TIBA DILOKASI","TIBA DILOKASI","TIBA DILOKASI","TERPASANG/TERKIRIM","PENGIRIMAN","TERPASANG/TERKIRIM","PENGIRIMAN","TRANSIT","TERPASANG/TERKIRIM","PENGIRIMAN","PENGIRIMAN","","","","",""
"885","TERPASANG/TERKIRIM","TIBA DILOKASI","TIBA DILOKASI","TIBA DILOKASI","TERPASANG/TERKIRIM","PENGIRIMAN","TERPASANG/TERKIRIM","PENGIRIMAN","TERPASANG/TERKIRIM","TERPASANG/TERKIRIM","TIBA DILOKASI","PENGIRIMAN","","","","",""
"886","TERPASANG/TERKIRIM","TIBA DILOKASI","TIBA DILOKASI","TIBA DILOKASI","TERPASANG/TERKIRIM","PENGIRIMAN","TERPASANG/TERKIRIM","PENGIRIMAN","TRANSIT","TERPASANG/TERKIRIM","PENGIRIMAN","PENGIRIMAN","","","","",""
"887","TERPASANG/TERKIRIM","TIBA DILOKASI","TIBA DILOKASI","TIBA DILOKASI","TERPASANG/TERKIRIM","PENGIRIMAN","TERPASANG/TERKIRIM","PENGIRIMAN","TRANSIT","TERPASANG/TERKIRIM","PENGIRIMAN","PENGIRIMAN","","","","",""
"888","TERPASANG/TERKIRIM","TIBA DILOKASI","TIBA DILOKASI","TIBA DILOKASI","TERPASANG/TERKIRIM","PENGIRIMAN","TERPASANG/TERKIRIM","PENGIRIMAN","TRANSIT","TERPASANG/TERKIRIM","PENGIRIMAN","PENGIRIMAN","","","","",""
"889","TERPASANG/TERKIRIM","TIBA DILOKASI","TIBA DILOKASI","TIBA DILOKASI","TERPASANG/TERKIRIM","PENGIRIMAN","TERPASANG/TERKIRIM","PENGIRIMAN","TERPASANG/TERKIRIM","TERPASANG/TERKIRIM","TIBA DILOKASI","PENGIRIMAN","","","","",""
"890","TERPASANG/TERKIRIM","TIBA DILOKASI","TIBA DILOKASI","TIBA DILOKASI","TERPASANG/TERKIRIM","PENGIRIMAN","TERPASANG/TERKIRIM","PENGIRIMAN","TERPASANG/TERKIRIM","TERPASANG/TERKIRIM","TIBA DILOKASI","PENGIRIMAN","","","","",""
"891","TERPASANG/TERKIRIM","TIBA DILOKASI","TIBA DILOKASI","TIBA DILOKASI","TERPASANG/TERKIRIM","PENGIRIMAN","TERPASANG/TERKIRIM","PENGIRIMAN","TERPASANG/TERKIRIM","TERPASANG/TERKIRIM","PENGIRIMAN","PENGIRIMAN","","","","",""
"892","TERPASANG/TERKIRIM","TIBA DILOKASI","TIBA DILOKASI","TIBA DILOKASI","TERPASANG/TERKIRIM","PENGIRIMAN","TERPASANG/TERKIRIM","PENGIRIMAN","TERPASANG/TERKIRIM","TERPASANG/TERKIRIM","PENGIRIMAN","PENGIRIMAN","","","","",""
"893","TERPASANG/TERKIRIM","TIBA DILOKASI","TIBA DILOKASI","TIBA DILOKASI","TERPASANG/TERKIRIM","PENGIRIMAN","TERPASANG/TERKIRIM","PENGIRIMAN","TRANSIT","TERPASANG/TERKIRIM","PENGIRIMAN","PENGIRIMAN","","","","",""
"894","TERPASANG/TERKIRIM","TIBA DILOKASI","TIBA DILOKASI","TIBA DILOKASI","TERPASANG/TERKIRIM","PENGIRIMAN","TERPASANG/TERKIRIM","","TERPASANG/TERKIRIM","TERPASANG/TERKIRIM","PENGIRIMAN","PENGIRIMAN","","","","",""
"895","TERPASANG/TERKIRIM","TIBA DILOKASI","TIBA DILOKASI","TIBA DILOKASI","TERPASANG/TERKIRIM","PENGIRIMAN","TERPASANG/TERKIRIM","","TERPASANG/TERKIRIM","TERPASANG/TERKIRIM","PENGIRIMAN","PENGIRIMAN","","","","",""
"896","TERPASANG/TERKIRIM","TIBA DILOKASI","TIBA DILOKASI","TIBA DILOKASI","TERPASANG/TERKIRIM","PENGIRIMAN","TERPASANG/TERKIRIM","","PENGIRIMAN","TERPASANG/TERKIRIM","PENGIRIMAN","PENGIRIMAN","","","","",""
"897","TERPASANG/TERKIRIM","TIBA DILOKASI","TIBA DILOKASI","TIBA DILOKASI","TERPASANG/TERKIRIM","PENGIRIMAN","TERPASANG/TERKIRIM","","PENGIRIMAN","TERPASANG/TERKIRIM","PENGIRIMAN","PENGIRIMAN","","","","",""
"898","TERPASANG/TERKIRIM","TIBA DILOKASI","TIBA DILOKASI","TIBA DILOKASI","TERPASANG/TERKIRIM","PENGIRIMAN","TERPASANG/TERKIRIM","","PENGIRIMAN","TERPASANG/TERKIRIM","PENGIRIMAN","PENGIRIMAN","","","","",""
"899","TERPASANG/TERKIRIM","TIBA DILOKASI","TIBA DILOKASI","TIBA DILOKASI","TERPASANG/TERKIRIM","PENGIRIMAN","TERPASANG/TERKIRIM","","PENGIRIMAN","TERPASANG/TERKIRIM","TIBA DILOKASI","PENGIRIMAN","","","","",""
"900","TERPASANG/TERKIRIM","TIBA DILOKASI","TIBA DILOKASI","TIBA DILOKASI","TERPASANG/TERKIRIM","PENGIRIMAN","TERPASANG/TERKIRIM","","PENGIRIMAN","TERPASANG/TERKIRIM","PENGIRIMAN","PENGIRIMAN","","","","",""
"901","TERPASANG/TERKIRIM","TIBA DILOKASI","TIBA DILOKASI","TIBA DILOKASI","TERPASANG/TERKIRIM","PENGIRIMAN","TERPASANG/TERKIRIM","","TRANSIT","TERPASANG/TERKIRIM","PENGIRIMAN","PENGIRIMAN","","","","",""
"902","TERPASANG/TERKIRIM","TIBA DILOKASI","TIBA DILOKASI","TIBA DILOKASI","TERPASANG/TERKIRIM","PENGIRIMAN","TERPASANG/TERKIRIM","","PENGIRIMAN","TERPASANG/TERKIRIM","PENGIRIMAN","PENGIRIMAN","","","","",""
"903","TERPASANG/TERKIRIM","TIBA DILOKASI","TIBA DILOKASI","TIBA DILOKASI","TERPASANG/TERKIRIM","PENGIRIMAN","TERPASANG/TERKIRIM","","PENGIRIMAN","TERPASANG/TERKIRIM","TIBA DILOKASI","PENGIRIMAN","","","","",""
"904","TERPASANG/TERKIRIM","TIBA DILOKASI","TIBA DILOKASI","TIBA DILOKASI","TERPASANG/TERKIRIM","PENGIRIMAN","TERPASANG/TERKIRIM","","PENGIRIMAN","TERPASANG/TERKIRIM","TIBA DILOKASI","PENGIRIMAN","","","","",""
"905","TERPASANG/TERKIRIM","TIBA DILOKASI","TIBA DILOKASI","TIBA DILOKASI","TERPASANG/TERKIRIM","PENGIRIMAN","TERPASANG/TERKIRIM","","PENGIRIMAN","TERPASANG/TERKIRIM","TIBA DILOKASI","PENGIRIMAN","","","","",""
"906","TERPASANG/TERKIRIM","TIBA DILOKASI","TIBA DILOKASI","TIBA DILOKASI","TERPASANG/TERKIRIM","PENGIRIMAN","TERPASANG/TERKIRIM","","PENGIRIMAN","TERPASANG/TERKIRIM","PENGIRIMAN","PENGIRIMAN","","","","",""
"907","TERPASANG/TERKIRIM","TIBA DILOKASI","TIBA DILOKASI","TIBA DILOKASI","TERPASANG/TERKIRIM","PENGIRIMAN","TERPASANG/TERKIRIM","","PENGIRIMAN","TERPASANG/TERKIRIM","PENGIRIMAN","PENGIRIMAN","","","","",""
"908","TERPASANG/TERKIRIM","TIBA DILOKASI","TIBA DILOKASI","TIBA DILOKASI","TERPASANG/TERKIRIM","PENGIRIMAN","TERPASANG/TERKIRIM","","PENGIRIMAN","TERPASANG/TERKIRIM","TIBA DILOKASI","PENGIRIMAN","","","","",""
"909","TERPASANG/TERKIRIM","TIBA DILOKASI","TIBA DILOKASI","TIBA DILOKASI","TERPASANG/TERKIRIM","PENGIRIMAN","TERPASANG/TERKIRIM","","PENGIRIMAN","TERPASANG/TERKIRIM","TIBA DILOKASI","PENGIRIMAN","","","","",""
"910","TERPASANG/TERKIRIM","TIBA DILOKASI","TIBA DILOKASI","TIBA DILOKASI","TERPASANG/TERKIRIM","PENGIRIMAN","TERPASANG/TERKIRIM","","PENGIRIMAN","TERPASANG/TERKIRIM","TIBA DILOKASI","PENGIRIMAN","","","","",""
"911","TERPASANG/TERKIRIM","TIBA DILOKASI","TIBA DILOKASI","TIBA DILOKASI","TERPASANG/TERKIRIM","PENGIRIMAN","TERPASANG/TERKIRIM","","PENGIRIMAN","TERPASANG/TERKIRIM","PENGIRIMAN","PENGIRIMAN","","","","",""
"912","TERPASANG/TERKIRIM","TIBA DILOKASI","TIBA DILOKASI","TIBA DILOKASI","TERPASANG/TERKIRIM","PENGIRIMAN","TERPASANG/TERKIRIM","","TERPASANG/TERKIRIM","TERPASANG/TERKIRIM","TIBA DILOKASI","PENGIRIMAN","","","","",""
"913","TERPASANG/TERKIRIM","TIBA DILOKASI","TIBA DILOKASI","TIBA DILOKASI","TERPASANG/TERKIRIM","PENGIRIMAN","TERPASANG/TERKIRIM","","PENGIRIMAN","TERPASANG/TERKIRIM","PENGIRIMAN","PENGIRIMAN","","","","",""
"914","TERPASANG/TERKIRIM","TIBA DILOKASI","TIBA DILOKASI","TIBA DILOKASI","TERPASANG/TERKIRIM","PENGIRIMAN","TERPASANG/TERKIRIM","","PENGIRIMAN","TERPASANG/TERKIRIM","TIBA DILOKASI","PENGIRIMAN","","","","",""
"915","TERPASANG/TERKIRIM","TIBA DILOKASI","TIBA DILOKASI","TIBA DILOKASI","TERPASANG/TERKIRIM","PENGIRIMAN","TERPASANG/TERKIRIM","","PENGIRIMAN","TERPASANG/TERKIRIM","PENGIRIMAN","PENGIRIMAN","","","","",""
"916","TERPASANG/TERKIRIM","TIBA DILOKASI","TIBA DILOKASI","TIBA DILOKASI","TERPASANG/TERKIRIM","PENGIRIMAN","TERPASANG/TERKIRIM","","TRANSIT","TERPASANG/TERKIRIM","TIBA DILOKASI","PENGIRIMAN","","","","",""
"917","TERPASANG/TERKIRIM","TIBA DILOKASI","TIBA DILOKASI","TIBA DILOKASI","TERPASANG/TERKIRIM","PENGIRIMAN","TERPASANG/TERKIRIM","","TERPASANG/TERKIRIM","TERPASANG/TERKIRIM","PENGIRIMAN","PENGIRIMAN","","","","",""
"918","TERPASANG/TERKIRIM","TIBA DILOKASI","TIBA DILOKASI","TIBA DILOKASI","TERPASANG/TERKIRIM","PENGIRIMAN","TERPASANG/TERKIRIM","","PENGIRIMAN","TERPASANG/TERKIRIM","TIBA DILOKASI","PENGIRIMAN","","","","",""
"919","TERPASANG/TERKIRIM","TIBA DILOKASI","TIBA DILOKASI","TIBA DILOKASI","TERPASANG/TERKIRIM","PENGIRIMAN","TERPASANG/TERKIRIM","","PENGIRIMAN","TERPASANG/TERKIRIM","PENGIRIMAN","PENGIRIMAN","","","","",""
"920","TERPASANG/TERKIRIM","TIBA DILOKASI","TIBA DILOKASI","TIBA DILOKASI","TERPASANG/TERKIRIM","PENGIRIMAN","TERPASANG/TERKIRIM","","PENGIRIMAN","TERPASANG/TERKIRIM","PENGIRIMAN","PENGIRIMAN","","","","",""
"921","TERPASANG/TERKIRIM","TIBA DILOKASI","TIBA DILOKASI","TIBA DILOKASI","TERPASANG/TERKIRIM","PENGIRIMAN","TERPASANG/TERKIRIM","","PENGIRIMAN","TERPASANG/TERKIRIM","TIBA DILOKASI","PENGIRIMAN","","","","",""
"922","","","","","","","","","","","","","","","","",""
"923","TERPASANG/TERKIRIM","TIBA DILOKASI","TIBA DILOKASI","TIBA DILOKASI","TERPASANG/TERKIRIM","PENGIRIMAN","TERPASANG/TERKIRIM","","PENGIRIMAN","TERPASANG/TERKIRIM","PENGIRIMAN","PENGIRIMAN","","","","",""
"924","TERPASANG/TERKIRIM","TIBA DILOKASI","TIBA DILOKASI","TIBA DILOKASI","TERPASANG/TERKIRIM","PENGIRIMAN","TERPASANG/TERKIRIM","","PENGIRIMAN","TERPASANG/TERKIRIM","PENGIRIMAN","PENGIRIMAN","","","","",""
"925","TERPASANG/TERKIRIM","TIBA DILOKASI","TIBA DILOKASI","TIBA DILOKASI","TERPASANG/TERKIRIM","PENGIRIMAN","TERPASANG/TERKIRIM","","PENGIRIMAN","TERPASANG/TERKIRIM","PENGIRIMAN","PENGIRIMAN","","","","",""
"926","TERPASANG/TERKIRIM","TIBA DILOKASI","TIBA DILOKASI","TIBA DILOKASI","TERPASANG/TERKIRIM","PENGIRIMAN","TERPASANG/TERKIRIM","","TERPASANG/TERKIRIM","TERPASANG/TERKIRIM","TIBA DILOKASI","PENGIRIMAN","","","","",""
"927","TERPASANG/TERKIRIM","TIBA DILOKASI","TIBA DILOKASI","TIBA DILOKASI","TERPASANG/TERKIRIM","PENGIRIMAN","TERPASANG/TERKIRIM","","PENGIRIMAN","TERPASANG/TERKIRIM","PENGIRIMAN","PENGIRIMAN","","","","",""
"928","TERPASANG/TERKIRIM","TIBA DILOKASI","TIBA DILOKASI","TIBA DILOKASI","TERPASANG/TERKIRIM","PENGIRIMAN","TERPASANG/TERKIRIM","","TERPASANG/TERKIRIM","TERPASANG/TERKIRIM","PENGIRIMAN","PENGIRIMAN","","","","",""
"929","TERPASANG/TERKIRIM","TIBA DILOKASI","TIBA DILOKASI","TIBA DILOKASI","TERPASANG/TERKIRIM","PENGIRIMAN","TERPASANG/TERKIRIM","","PENGIRIMAN","TERPASANG/TERKIRIM","TIBA DILOKASI","PENGIRIMAN","","","","",""
"930","TERPASANG/TERKIRIM","TIBA DILOKASI","TIBA DILOKASI","TIBA DILOKASI","TERPASANG/TERKIRIM","PENGIRIMAN","TERPASANG/TERKIRIM","","PENGIRIMAN","TERPASANG/TERKIRIM","PENGIRIMAN","PENGIRIMAN","","","","",""
"931","TERPASANG/TERKIRIM","TIBA DILOKASI","TIBA DILOKASI","PENGIRIMAN","TERPASANG/TERKIRIM","PENGIRIMAN","TERPASANG/TERKIRIM","","PENGIRIMAN","TERPASANG/TERKIRIM","PENGIRIMAN","PENGIRIMAN","","","","",""
"932","TERPASANG/TERKIRIM","TIBA DILOKASI","TIBA DILOKASI","PENGIRIMAN","TERPASANG/TERKIRIM","PENGIRIMAN","TERPASANG/TERKIRIM","","PENGIRIMAN","TERPASANG/TERKIRIM","TIBA DILOKASI","PENGIRIMAN","","","","",""
"933","TERPASANG/TERKIRIM","TIBA DILOKASI","TIBA DILOKASI","PENGIRIMAN","TERPASANG/TERKIRIM","PENGIRIMAN","TERPASANG/TERKIRIM","","PENGIRIMAN","TERPASANG/TERKIRIM","PENGIRIMAN","PENGIRIMAN","","","","",""
"934","TERPASANG/TERKIRIM","TIBA DILOKASI","TIBA DILOKASI","PENGIRIMAN","TERPASANG/TERKIRIM","PENGIRIMAN","TERPASANG/TERKIRIM","","PENGIRIMAN","TERPASANG/TERKIRIM","PENGIRIMAN","PENGIRIMAN","","","","",""
"935","TERPASANG/TERKIRIM","TIBA DILOKASI","TIBA DILOKASI","PENGIRIMAN","TERPASANG/TERKIRIM","PENGIRIMAN","TERPASANG/TERKIRIM","","PENGIRIMAN","TERPASANG/TERKIRIM","PENGIRIMAN","PENGIRIMAN","","","","",""
"936","TERPASANG/TERKIRIM","TIBA DILOKASI","TIBA DILOKASI","PENGIRIMAN","TERPASANG/TERKIRIM","PENGIRIMAN","TERPASANG/TERKIRIM","","PENGIRIMAN","TERPASANG/TERKIRIM","PENGIRIMAN","PENGIRIMAN","","","","",""
"937","TERPASANG/TERKIRIM","TIBA DILOKASI","TIBA DILOKASI","PENGIRIMAN","TERPASANG/TERKIRIM","PENGIRIMAN","TERPASANG/TERKIRIM","","PENGIRIMAN","TERPASANG/TERKIRIM","PENGIRIMAN","PENGIRIMAN","","","","",""
"938","TERPASANG/TERKIRIM","TIBA DILOKASI","TIBA DILOKASI","PENGIRIMAN","TERPASANG/TERKIRIM","PENGIRIMAN","TERPASANG/TERKIRIM","","PENGIRIMAN","TERPASANG/TERKIRIM","PENGIRIMAN","PENGIRIMAN","","","","",""
"939","TERPASANG/TERKIRIM","TIBA DILOKASI","TIBA DILOKASI","PENGIRIMAN","TERPASANG/TERKIRIM","PENGIRIMAN","TERPASANG/TERKIRIM","","PENGIRIMAN","TERPASANG/TERKIRIM","PENGIRIMAN","PENGIRIMAN","","","","",""
"940","TERPASANG/TERKIRIM","TIBA DILOKASI","TIBA DILOKASI","PENGIRIMAN","TERPASANG/TERKIRIM","PENGIRIMAN","TERPASANG/TERKIRIM","","PENGIRIMAN","TERPASANG/TERKIRIM","TIBA DILOKASI","PENGIRIMAN","","","","",""
"941","TERPASANG/TERKIRIM","TIBA DILOKASI","TIBA DILOKASI","TIBA DILOKASI","TERPASANG/TERKIRIM","PENGIRIMAN","TERPASANG/TERKIRIM","","PENGIRIMAN","TERPASANG/TERKIRIM","PENGIRIMAN","PENGIRIMAN","","","","",""
"942","TERPASANG/TERKIRIM","TIBA DILOKASI","TIBA DILOKASI","TIBA DILOKASI","TERPASANG/TERKIRIM","PENGIRIMAN","TERPASANG/TERKIRIM","","PENGIRIMAN","TERPASANG/TERKIRIM","PENGIRIMAN","PENGIRIMAN","","","","",""
"943","TERPASANG/TERKIRIM","TIBA DILOKASI","TIBA DILOKASI","PENGIRIMAN","TERPASANG/TERKIRIM","PENGIRIMAN","TERPASANG/TERKIRIM","","PENGIRIMAN","TERPASANG/TERKIRIM","TIBA DILOKASI","PENGIRIMAN","","","","",""
"944","TERPASANG/TERKIRIM","TIBA DILOKASI","TIBA DILOKASI","PENGIRIMAN","TERPASANG/TERKIRIM","PENGIRIMAN","TERPASANG/TERKIRIM","","PENGIRIMAN","TERPASANG/TERKIRIM","TIBA DILOKASI","PENGIRIMAN","","","","",""
"945","TERPASANG/TERKIRIM","TIBA DILOKASI","TIBA DILOKASI","PENGIRIMAN","TERPASANG/TERKIRIM","PENGIRIMAN","TERPASANG/TERKIRIM","","PENGIRIMAN","TERPASANG/TERKIRIM","PENGIRIMAN","PENGIRIMAN","","","","",""
"946","TERPASANG/TERKIRIM","TIBA DILOKASI","TIBA DILOKASI","PENGIRIMAN","TERPASANG/TERKIRIM","PENGIRIMAN","TERPASANG/TERKIRIM","","PENGIRIMAN","TERPASANG/TERKIRIM","PENGIRIMAN","PENGIRIMAN","","","","",""
"947","TERPASANG/TERKIRIM","TIBA DILOKASI","TIBA DILOKASI","PENGIRIMAN","TERPASANG/TERKIRIM","PENGIRIMAN","TERPASANG/TERKIRIM","","PENGIRIMAN","TERPASANG/TERKIRIM","PENGIRIMAN","PENGIRIMAN","","","","",""
"948","TERPASANG/TERKIRIM","TIBA DILOKASI","TIBA DILOKASI","PENGIRIMAN","TERPASANG/TERKIRIM","PENGIRIMAN","TERPASANG/TERKIRIM","","PENGIRIMAN","TERPASANG/TERKIRIM","PENGIRIMAN","PENGIRIMAN","","","","",""
"949","TERPASANG/TERKIRIM","TIBA DILOKASI","TIBA DILOKASI","PENGIRIMAN","TERPASANG/TERKIRIM","PENGIRIMAN","TERPASANG/TERKIRIM","PENGIRIMAN","PENGIRIMAN","TERPASANG/TERKIRIM","TIBA DILOKASI","PENGIRIMAN","","","","",""
"950","TERPASANG/TERKIRIM","TIBA DILOKASI","TIBA DILOKASI","PENGIRIMAN","TERPASANG/TERKIRIM","PENGIRIMAN","TERPASANG/TERKIRIM","","PENGIRIMAN","TERPASANG/TERKIRIM","TIBA DILOKASI","PENGIRIMAN","","","","",""
"951","TERPASANG/TERKIRIM","TIBA DILOKASI","TIBA DILOKASI","PENGIRIMAN","TERPASANG/TERKIRIM","","TERPASANG/TERKIRIM","","PENGIRIMAN","TERPASANG/TERKIRIM","TIBA DILOKASI","PENGIRIMAN","","","","",""
"952","TERPASANG/TERKIRIM","TIBA DILOKASI","TIBA DILOKASI","TIBA DILOKASI","TERPASANG/TERKIRIM","","TERPASANG/TERKIRIM","","PENGIRIMAN","TERPASANG/TERKIRIM","PENGIRIMAN","PENGIRIMAN","","","","",""
"953","TERPASANG/TERKIRIM","TIBA DILOKASI","TIBA DILOKASI","PENGIRIMAN","TERPASANG/TERKIRIM","","TERPASANG/TERKIRIM","","PENGIRIMAN","TERPASANG/TERKIRIM","TIBA DILOKASI","PENGIRIMAN","","","","",""
"954","TERPASANG/TERKIRIM","TIBA DILOKASI","TIBA DILOKASI","TIBA DILOKASI","TERPASANG/TERKIRIM","","TERPASANG/TERKIRIM","","PENGIRIMAN","TERPASANG/TERKIRIM","TIBA DILOKASI","PENGIRIMAN","","","","",""
"955","TERPASANG/TERKIRIM","TIBA DILOKASI","TIBA DILOKASI","TIBA DILOKASI","TERPASANG/TERKIRIM","","TERPASANG/TERKIRIM","","PENGIRIMAN","TERPASANG/TERKIRIM","TIBA DILOKASI","PENGIRIMAN","","","","",""
"956","TERPASANG/TERKIRIM","TIBA DILOKASI","TIBA DILOKASI","TIBA DILOKASI","TERPASANG/TERKIRIM","","TERPASANG/TERKIRIM","","PENGIRIMAN","TERPASANG/TERKIRIM","PENGIRIMAN","PENGIRIMAN","","","","",""
"957","TERPASANG/TERKIRIM","TIBA DILOKASI","TIBA DILOKASI","PENGIRIMAN","TERPASANG/TERKIRIM","","TERPASANG/TERKIRIM","","PENGIRIMAN","TERPASANG/TERKIRIM","TIBA DILOKASI","PENGIRIMAN","","","","",""
"958","TERPASANG/TERKIRIM","TIBA DILOKASI","TIBA DILOKASI","PENGIRIMAN","TERPASANG/TERKIRIM","","TERPASANG/TERKIRIM","","PENGIRIMAN","TERPASANG/TERKIRIM","TIBA DILOKASI","PENGIRIMAN","","","","",""
"959","TERPASANG/TERKIRIM","TIBA DILOKASI","TIBA DILOKASI","TIBA DILOKASI","TERPASANG/TERKIRIM","","TERPASANG/TERKIRIM","","PENGIRIMAN","TERPASANG/TERKIRIM","PENGIRIMAN","PENGIRIMAN","","","","",""
"960","TERPASANG/TERKIRIM","TIBA DILOKASI","TIBA DILOKASI","TIBA DILOKASI","TERPASANG/TERKIRIM","","","","PENGIRIMAN","TERPASANG/TERKIRIM","TIBA DILOKASI","PENGIRIMAN","","","","",""
"961","TERPASANG/TERKIRIM","TIBA DILOKASI","TIBA DILOKASI","PENGIRIMAN","TERPASANG/TERKIRIM","","","","PENGIRIMAN","TERPASANG/TERKIRIM","PENGIRIMAN","PENGIRIMAN","","","","",""
"962","TERPASANG/TERKIRIM","TIBA DILOKASI","TIBA DILOKASI","TIBA DILOKASI","TERPASANG/TERKIRIM","","","","PENGIRIMAN","TERPASANG/TERKIRIM","TIBA DILOKASI","PENGIRIMAN","","","","",""
"963","TERPASANG/TERKIRIM","TIBA DILOKASI","TIBA DILOKASI","TIBA DILOKASI","TERPASANG/TERKIRIM","","","","PENGIRIMAN","TERPASANG/TERKIRIM","PENGIRIMAN","PENGIRIMAN","","","","",""
"964","TERPASANG/TERKIRIM","TIBA DILOKASI","TIBA DILOKASI","PENGIRIMAN","TERPASANG/TERKIRIM","","","","PENGIRIMAN","TERPASANG/TERKIRIM","PENGIRIMAN","PENGIRIMAN","","","","",""
"965","TERPASANG/TERKIRIM","TIBA DILOKASI","TIBA DILOKASI","PENGIRIMAN","TERPASANG/TERKIRIM","","","","PENGIRIMAN","TERPASANG/TERKIRIM","PENGIRIMAN","PENGIRIMAN","","","","",""
"966","TERPASANG/TERKIRIM","TIBA DILOKASI","TIBA DILOKASI","PENGIRIMAN","TERPASANG/TERKIRIM","","","","PENGIRIMAN","TERPASANG/TERKIRIM","PENGIRIMAN","PENGIRIMAN","","","","",""
"967","TERPASANG/TERKIRIM","TIBA DILOKASI","TIBA DILOKASI","PENGIRIMAN","TERPASANG/TERKIRIM","","","","PENGIRIMAN","TERPASANG/TERKIRIM","PENGIRIMAN","PENGIRIMAN","","","","",""
"968","TERPASANG/TERKIRIM","TIBA DILOKASI","TIBA DILOKASI","PENGIRIMAN","TERPASANG/TERKIRIM","","","","PENGIRIMAN","TERPASANG/TERKIRIM","TIBA DILOKASI","PENGIRIMAN","","","","",""
"969","TERPASANG/TERKIRIM","TIBA DILOKASI","TIBA DILOKASI","PENGIRIMAN","TERPASANG/TERKIRIM","","","","PENGIRIMAN","TERPASANG/TERKIRIM","PENGIRIMAN","PENGIRIMAN","","","","",""
"970","TERPASANG/TERKIRIM","TIBA DILOKASI","TIBA DILOKASI","TIBA DILOKASI","TERPASANG/TERKIRIM","","","","PENGIRIMAN","TERPASANG/TERKIRIM","PENGIRIMAN","PENGIRIMAN","","","","",""
"971","TERPASANG/TERKIRIM","TIBA DILOKASI","TIBA DILOKASI","TIBA DILOKASI","TERPASANG/TERKIRIM","","","","PENGIRIMAN","TERPASANG/TERKIRIM","PENGIRIMAN","PENGIRIMAN","","","","",""
"972","TERPASANG/TERKIRIM","TIBA DILOKASI","TIBA DILOKASI","TIBA DILOKASI","TERPASANG/TERKIRIM","PENGIRIMAN","TERPASANG/TERKIRIM","","TERPASANG/TERKIRIM","TERPASANG/TERKIRIM","TIBA DILOKASI","PENGIRIMAN","","","PENGIRIMAN","",""
"973","TERPASANG/TERKIRIM","TIBA DILOKASI","TIBA DILOKASI","TIBA DILOKASI","TERPASANG/TERKIRIM","PENGIRIMAN","TERPASANG/TERKIRIM","TERPASANG/TERKIRIM","TERPASANG/TERKIRIM","TERPASANG/TERKIRIM","TIBA DILOKASI","PENGIRIMAN","","","PENGIRIMAN","",""
"974","TERPASANG/TERKIRIM","TIBA DILOKASI","TIBA DILOKASI","TIBA DILOKASI","TERPASANG/TERKIRIM","PENGIRIMAN","TERPASANG/TERKIRIM","TERPASANG/TERKIRIM","TERPASANG/TERKIRIM","TERPASANG/TERKIRIM","TIBA DILOKASI","PENGIRIMAN","","","PENGIRIMAN","",""
"975","TERPASANG/TERKIRIM","TIBA DILOKASI","TIBA DILOKASI","TIBA DILOKASI","TERPASANG/TERKIRIM","PENGIRIMAN","TERPASANG/TERKIRIM","","TERPASANG/TERKIRIM","TERPASANG/TERKIRIM","TIBA DILOKASI","PENGIRIMAN","","","PENGIRIMAN","",""
"976","TERPASANG/TERKIRIM","TIBA DILOKASI","TIBA DILOKASI","TIBA DILOKASI","TERPASANG/TERKIRIM","PENGIRIMAN","TERPASANG/TERKIRIM","TERPASANG/TERKIRIM","TERPASANG/TERKIRIM","TERPASANG/TERKIRIM","TIBA DILOKASI","PENGIRIMAN","","","PENGIRIMAN","",""
"977","TERPASANG/TERKIRIM","TIBA DILOKASI","TIBA DILOKASI","TIBA DILOKASI","TERPASANG/TERKIRIM","PENGIRIMAN","TERPASANG/TERKIRIM","","TERPASANG/TERKIRIM","TERPASANG/TERKIRIM","TIBA DILOKASI","PENGIRIMAN","","","PENGIRIMAN","",""
"978","TERPASANG/TERKIRIM","TIBA DILOKASI","TIBA DILOKASI","TIBA DILOKASI","TERPASANG/TERKIRIM","PENGIRIMAN","TERPASANG/TERKIRIM","","TERPASANG/TERKIRIM","TERPASANG/TERKIRIM","TIBA DILOKASI","PENGIRIMAN","","","PENGIRIMAN","",""
"979","TERPASANG/TERKIRIM","TIBA DILOKASI","TIBA DILOKASI","TIBA DILOKASI","TERPASANG/TERKIRIM","PENGIRIMAN","TERPASANG/TERKIRIM","","TERPASANG/TERKIRIM","TERPASANG/TERKIRIM","TIBA DILOKASI","PENGIRIMAN","","","PENGIRIMAN","",""
"980","TERPASANG/TERKIRIM","TIBA DILOKASI","TIBA DILOKASI","TIBA DILOKASI","TERPASANG/TERKIRIM","PENGIRIMAN","TERPASANG/TERKIRIM","PENGIRIMAN","TERPASANG/TERKIRIM","TERPASANG/TERKIRIM","TIBA DILOKASI","PENGIRIMAN","","","PENGIRIMAN","",""
"981","TERPASANG/TERKIRIM","TIBA DILOKASI","TIBA DILOKASI","TIBA DILOKASI","TERPASANG/TERKIRIM","PENGIRIMAN","PENGIRIMAN","","TERPASANG/TERKIRIM","TERPASANG/TERKIRIM","TIBA DILOKASI","PENGIRIMAN","","","PENGIRIMAN","",""
"982","TERPASANG/TERKIRIM","TIBA DILOKASI","TIBA DILOKASI","TIBA DILOKASI","TERPASANG/TERKIRIM","PENGIRIMAN","PENGIRIMAN","TERPASANG/TERKIRIM","TERPASANG/TERKIRIM","TERPASANG/TERKIRIM","TIBA DILOKASI","PENGIRIMAN","","","PENGIRIMAN","",""
"983","TERPASANG/TERKIRIM","TIBA DILOKASI","TIBA DILOKASI","TIBA DILOKASI","TERPASANG/TERKIRIM","PENGIRIMAN","TERPASANG/TERKIRIM","TERPASANG/TERKIRIM","TERPASANG/TERKIRIM","TERPASANG/TERKIRIM","TIBA DILOKASI","PENGIRIMAN","","","PENGIRIMAN","",""
"984","TERPASANG/TERKIRIM","TIBA DILOKASI","TIBA DILOKASI","TIBA DILOKASI","TERPASANG/TERKIRIM","PENGIRIMAN","TERPASANG/TERKIRIM","TERPASANG/TERKIRIM","TERPASANG/TERKIRIM","TERPASANG/TERKIRIM","TIBA DILOKASI","PENGIRIMAN","","","PENGIRIMAN","",""
"985","TERPASANG/TERKIRIM","TIBA DILOKASI","TIBA DILOKASI","TIBA DILOKASI","TERPASANG/TERKIRIM","PENGIRIMAN","TERPASANG/TERKIRIM","TERPASANG/TERKIRIM","TERPASANG/TERKIRIM","TERPASANG/TERKIRIM","TIBA DILOKASI","PENGIRIMAN","","","PENGIRIMAN","",""
"986","TERPASANG/TERKIRIM","TIBA DILOKASI","TIBA DILOKASI","TIBA DILOKASI","TERPASANG/TERKIRIM","PENGIRIMAN","TERPASANG/TERKIRIM","TERPASANG/TERKIRIM","TERPASANG/TERKIRIM","TERPASANG/TERKIRIM","TIBA DILOKASI","PENGIRIMAN","","","PENGIRIMAN","",""
"987","TERPASANG/TERKIRIM","TIBA DILOKASI","TIBA DILOKASI","TIBA DILOKASI","TERPASANG/TERKIRIM","PENGIRIMAN","TERPASANG/TERKIRIM","TERPASANG/TERKIRIM","TERPASANG/TERKIRIM","TERPASANG/TERKIRIM","TIBA DILOKASI","PENGIRIMAN","","","PENGIRIMAN","",""
"988","TERPASANG/TERKIRIM","TIBA DILOKASI","TIBA DILOKASI","TIBA DILOKASI","TERPASANG/TERKIRIM","PENGIRIMAN","TERPASANG/TERKIRIM","TERPASANG/TERKIRIM","TERPASANG/TERKIRIM","TERPASANG/TERKIRIM","TIBA DILOKASI","PENGIRIMAN","","","PENGIRIMAN","",""
"989","TERPASANG/TERKIRIM","TIBA DILOKASI","TIBA DILOKASI","TIBA DILOKASI","TERPASANG/TERKIRIM","PENGIRIMAN","TERPASANG/TERKIRIM","","TRANSIT","TERPASANG/TERKIRIM","TIBA DILOKASI","PENGIRIMAN","","","PENGIRIMAN","",""
"990","TERPASANG/TERKIRIM","TIBA DILOKASI","TIBA DILOKASI","TIBA DILOKASI","TERPASANG/TERKIRIM","PENGIRIMAN","TERPASANG/TERKIRIM","TERPASANG/TERKIRIM","TERPASANG/TERKIRIM","TERPASANG/TERKIRIM","TIBA DILOKASI","PENGIRIMAN","","","PENGIRIMAN","",""
"991","TERPASANG/TERKIRIM","TIBA DILOKASI","TIBA DILOKASI","TIBA DILOKASI","TERPASANG/TERKIRIM","PENGIRIMAN","TERPASANG/TERKIRIM","TERPASANG/TERKIRIM","TERPASANG/TERKIRIM","TERPASANG/TERKIRIM","TIBA DILOKASI","PENGIRIMAN","","","PENGIRIMAN","",""
"992","TERPASANG/TERKIRIM","TIBA DILOKASI","TIBA DILOKASI","TIBA DILOKASI","TERPASANG/TERKIRIM","PENGIRIMAN","PENGIRIMAN","TERPASANG/TERKIRIM","TERPASANG/TERKIRIM","TERPASANG/TERKIRIM","TIBA DILOKASI","PENGIRIMAN","","","PENGIRIMAN","",""
"993","TERPASANG/TERKIRIM","TIBA DILOKASI","TIBA DILOKASI","TIBA DILOKASI","TERPASANG/TERKIRIM","PENGIRIMAN","TERPASANG/TERKIRIM","","PENGIRIMAN","TERPASANG/TERKIRIM","TIBA DILOKASI","PENGIRIMAN","","","PENGIRIMAN","",""
"994","TERPASANG/TERKIRIM","TIBA DILOKASI","TIBA DILOKASI","TIBA DILOKASI","TERPASANG/TERKIRIM","PENGIRIMAN","TERPASANG/TERKIRIM","","TERPASANG/TERKIRIM","TERPASANG/TERKIRIM","TIBA DILOKASI","PENGIRIMAN","","","PENGIRIMAN","",""
"995","TERPASANG/TERKIRIM","TIBA DILOKASI","TIBA DILOKASI","TIBA DILOKASI","TERPASANG/TERKIRIM","PENGIRIMAN","PENGIRIMAN","TERPASANG/TERKIRIM","TERPASANG/TERKIRIM","TERPASANG/TERKIRIM","TIBA DILOKASI","PENGIRIMAN","","","PENGIRIMAN","",""
"996","TERPASANG/TERKIRIM","TIBA DILOKASI","TIBA DILOKASI","TIBA DILOKASI","TERPASANG/TERKIRIM","PENGIRIMAN","TERPASANG/TERKIRIM","","TERPASANG/TERKIRIM","TERPASANG/TERKIRIM","TIBA DILOKASI","PENGIRIMAN","","","PENGIRIMAN","",""
"997","TERPASANG/TERKIRIM","TIBA DILOKASI","TIBA DILOKASI","TIBA DILOKASI","TERPASANG/TERKIRIM","PENGIRIMAN","TERPASANG/TERKIRIM","TERPASANG/TERKIRIM","TERPASANG/TERKIRIM","TERPASANG/TERKIRIM","TIBA DILOKASI","PENGIRIMAN","","","PENGIRIMAN","",""
"998","TERPASANG/TERKIRIM","TIBA DILOKASI","TIBA DILOKASI","TIBA DILOKASI","TERPASANG/TERKIRIM","PENGIRIMAN","TERPASANG/TERKIRIM","TERPASANG/TERKIRIM","TERPASANG/TERKIRIM","TERPASANG/TERKIRIM","TIBA DILOKASI","PENGIRIMAN","","","PENGIRIMAN","",""
"999","TERPASANG/TERKIRIM","TIBA DILOKASI","TIBA DILOKASI","TIBA DILOKASI","TERPASANG/TERKIRIM","PENGIRIMAN","TERPASANG/TERKIRIM","","TERPASANG/TERKIRIM","TERPASANG/TERKIRIM","TIBA DILOKASI","PENGIRIMAN","","","PENGIRIMAN","",""
"1000","TERPASANG/TERKIRIM","TIBA DILOKASI","TIBA DILOKASI","TIBA DILOKASI","TERPASANG/TERKIRIM","PENGIRIMAN","TERPASANG/TERKIRIM","TERPASANG/TERKIRIM","TERPASANG/TERKIRIM","TERPASANG/TERKIRIM","TIBA DILOKASI","PENGIRIMAN","","","PENGIRIMAN","",""
"1001","TERPASANG/TERKIRIM","TIBA DILOKASI","TIBA DILOKASI","TIBA DILOKASI","TERPASANG/TERKIRIM","PENGIRIMAN","TERPASANG/TERKIRIM","TERPASANG/TERKIRIM","TERPASANG/TERKIRIM","TERPASANG/TERKIRIM","TIBA DILOKASI","PENGIRIMAN","","","PENGIRIMAN","",""
"1002","TERPASANG/TERKIRIM","TIBA DILOKASI","TIBA DILOKASI","TIBA DILOKASI","TERPASANG/TERKIRIM","PENGIRIMAN","TERPASANG/TERKIRIM","TERPASANG/TERKIRIM","TERPASANG/TERKIRIM","TERPASANG/TERKIRIM","TIBA DILOKASI","PENGIRIMAN","","","PENGIRIMAN","",""
"1003","TERPASANG/TERKIRIM","TIBA DILOKASI","TIBA DILOKASI","TIBA DILOKASI","TERPASANG/TERKIRIM","PENGIRIMAN","TERPASANG/TERKIRIM","TERPASANG/TERKIRIM","TERPASANG/TERKIRIM","TERPASANG/TERKIRIM","TIBA DILOKASI","PENGIRIMAN","","","PENGIRIMAN","",""
"1004","TERPASANG/TERKIRIM","TIBA DILOKASI","TIBA DILOKASI","TIBA DILOKASI","TERPASANG/TERKIRIM","PENGIRIMAN","TERPASANG/TERKIRIM","","TERPASANG/TERKIRIM","TRANSIT","TIBA DILOKASI","PENGIRIMAN","","","PENGIRIMAN","",""
"1005","TERPASANG/TERKIRIM","TIBA DILOKASI","TIBA DILOKASI","TIBA DILOKASI","TERPASANG/TERKIRIM","PENGIRIMAN","TERPASANG/TERKIRIM","TERPASANG/TERKIRIM","TERPASANG/TERKIRIM","TRANSIT","TIBA DILOKASI","PENGIRIMAN","","","PENGIRIMAN","",""
"1006","TERPASANG/TERKIRIM","TIBA DILOKASI","TIBA DILOKASI","TIBA DILOKASI","TERPASANG/TERKIRIM","PENGIRIMAN","PENGIRIMAN","TERPASANG/TERKIRIM","TERPASANG/TERKIRIM","TRANSIT","TIBA DILOKASI","PENGIRIMAN","","","PENGIRIMAN","",""
"1007","TERPASANG/TERKIRIM","TIBA DILOKASI","TIBA DILOKASI","TIBA DILOKASI","TERPASANG/TERKIRIM","PENGIRIMAN","TERPASANG/TERKIRIM","TERPASANG/TERKIRIM","TERPASANG/TERKIRIM","TRANSIT","TIBA DILOKASI","PENGIRIMAN","","","PENGIRIMAN","",""
"1008","TERPASANG/TERKIRIM","TIBA DILOKASI","TIBA DILOKASI","TIBA DILOKASI","TERPASANG/TERKIRIM","PENGIRIMAN","TERPASANG/TERKIRIM","","TERPASANG/TERKIRIM","TRANSIT","TIBA DILOKASI","PENGIRIMAN","","","PENGIRIMAN","",""
"1009","TERPASANG/TERKIRIM","TIBA DILOKASI","TIBA DILOKASI","TIBA DILOKASI","TERPASANG/TERKIRIM","PENGIRIMAN","TERPASANG/TERKIRIM","TERPASANG/TERKIRIM","TERPASANG/TERKIRIM","TRANSIT","TIBA DILOKASI","PENGIRIMAN","","","PENGIRIMAN","",""
"1010","TERPASANG/TERKIRIM","TIBA DILOKASI","TIBA DILOKASI","TIBA DILOKASI","TERPASANG/TERKIRIM","PENGIRIMAN","TERPASANG/TERKIRIM","PENGIRIMAN","PENGIRIMAN","TRANSIT","TIBA DILOKASI","PENGIRIMAN","","","PENGIRIMAN","",""
"1011","TERPASANG/TERKIRIM","TIBA DILOKASI","TIBA DILOKASI","TIBA DILOKASI","TERPASANG/TERKIRIM","PENGIRIMAN","TERPASANG/TERKIRIM","","TERPASANG/TERKIRIM","TRANSIT","TIBA DILOKASI","PENGIRIMAN","","","PENGIRIMAN","",""
"1012","TERPASANG/TERKIRIM","TIBA DILOKASI","TIBA DILOKASI","TIBA DILOKASI","TERPASANG/TERKIRIM","PENGIRIMAN","TERPASANG/TERKIRIM","","TERPASANG/TERKIRIM","TRANSIT","TIBA DILOKASI","PENGIRIMAN","","","PENGIRIMAN","",""
"1013","TERPASANG/TERKIRIM","TIBA DILOKASI","TIBA DILOKASI","TIBA DILOKASI","TERPASANG/TERKIRIM","PENGIRIMAN","TERPASANG/TERKIRIM","","TERPASANG/TERKIRIM","TRANSIT","TIBA DILOKASI","PENGIRIMAN","","","PENGIRIMAN","",""
"1014","TERPASANG/TERKIRIM","TIBA DILOKASI","TIBA DILOKASI","TIBA DILOKASI","TERPASANG/TERKIRIM","PENGIRIMAN","TERPASANG/TERKIRIM","","PENGIRIMAN","TRANSIT","TIBA DILOKASI","PENGIRIMAN","","","PENGIRIMAN","",""
"1015","TERPASANG/TERKIRIM","TIBA DILOKASI","TIBA DILOKASI","TIBA DILOKASI","TERPASANG/TERKIRIM","PENGIRIMAN","TERPASANG/TERKIRIM","","TERPASANG/TERKIRIM","TRANSIT","TIBA DILOKASI","PENGIRIMAN","","","PENGIRIMAN","",""
"1016","TERPASANG/TERKIRIM","TIBA DILOKASI","TIBA DILOKASI","TIBA DILOKASI","TERPASANG/TERKIRIM","PENGIRIMAN","TERPASANG/TERKIRIM","TERPASANG/TERKIRIM","TERPASANG/TERKIRIM","TRANSIT","TIBA DILOKASI","PENGIRIMAN","","","PENGIRIMAN","",""
"1017","TERPASANG/TERKIRIM","TIBA DILOKASI","TIBA DILOKASI","TIBA DILOKASI","TERPASANG/TERKIRIM","PENGIRIMAN","TERPASANG/TERKIRIM","TERPASANG/TERKIRIM","TERPASANG/TERKIRIM","TRANSIT","TIBA DILOKASI","PENGIRIMAN","","","PENGIRIMAN","",""
"1018","TERPASANG/TERKIRIM","TIBA DILOKASI","TIBA DILOKASI","TIBA DILOKASI","TERPASANG/TERKIRIM","PENGIRIMAN","TERPASANG/TERKIRIM","","TERPASANG/TERKIRIM","TRANSIT","TIBA DILOKASI","PENGIRIMAN","","","PENGIRIMAN","",""
"1019","TERPASANG/TERKIRIM","TIBA DILOKASI","TIBA DILOKASI","TIBA DILOKASI","TERPASANG/TERKIRIM","PENGIRIMAN","TERPASANG/TERKIRIM","TERPASANG/TERKIRIM","TERPASANG/TERKIRIM","TRANSIT","TIBA DILOKASI","PENGIRIMAN","","","PENGIRIMAN","",""
"1020","TERPASANG/TERKIRIM","TIBA DILOKASI","TIBA DILOKASI","TIBA DILOKASI","TERPASANG/TERKIRIM","PENGIRIMAN","TERPASANG/TERKIRIM","TERPASANG/TERKIRIM","TERPASANG/TERKIRIM","TRANSIT","TIBA DILOKASI","PENGIRIMAN","","","PENGIRIMAN","",""
"1021","TERPASANG/TERKIRIM","TIBA DILOKASI","TIBA DILOKASI","TIBA DILOKASI","TERPASANG/TERKIRIM","PENGIRIMAN","TERPASANG/TERKIRIM","TERPASANG/TERKIRIM","TERPASANG/TERKIRIM","TRANSIT","TIBA DILOKASI","PENGIRIMAN","","","PENGIRIMAN","",""
"1022","TERPASANG/TERKIRIM","TIBA DILOKASI","TIBA DILOKASI","TIBA DILOKASI","TERPASANG/TERKIRIM","PENGIRIMAN","TERPASANG/TERKIRIM","TERPASANG/TERKIRIM","TERPASANG/TERKIRIM","TERPASANG/TERKIRIM","TIBA DILOKASI","PENGIRIMAN","","","PENGIRIMAN","",""
"1023","TERPASANG/TERKIRIM","TIBA DILOKASI","TIBA DILOKASI","TIBA DILOKASI","TERPASANG/TERKIRIM","PENGIRIMAN","TERPASANG/TERKIRIM","TERPASANG/TERKIRIM","TERPASANG/TERKIRIM","TRANSIT","TIBA DILOKASI","PENGIRIMAN","","","PENGIRIMAN","",""
"1024","TERPASANG/TERKIRIM","TIBA DILOKASI","TIBA DILOKASI","TIBA DILOKASI","TERPASANG/TERKIRIM","PENGIRIMAN","TERPASANG/TERKIRIM","TERPASANG/TERKIRIM","TERPASANG/TERKIRIM","TRANSIT","TIBA DILOKASI","PENGIRIMAN","","","PENGIRIMAN","",""
"1025","TERPASANG/TERKIRIM","TIBA DILOKASI","TIBA DILOKASI","TIBA DILOKASI","TERPASANG/TERKIRIM","PENGIRIMAN","TERPASANG/TERKIRIM","","PENGIRIMAN","TERPASANG/TERKIRIM","TIBA DILOKASI","PENGIRIMAN","","","PENGIRIMAN","",""
"1026","TERPASANG/TERKIRIM","TIBA DILOKASI","TIBA DILOKASI","TIBA DILOKASI","TERPASANG/TERKIRIM","PENGIRIMAN","TERPASANG/TERKIRIM","","TERPASANG/TERKIRIM","TRANSIT","TIBA DILOKASI","PENGIRIMAN","","","PENGIRIMAN","",""
"1027","TERPASANG/TERKIRIM","TIBA DILOKASI","TIBA DILOKASI","TIBA DILOKASI","TERPASANG/TERKIRIM","PENGIRIMAN","TERPASANG/TERKIRIM","","PENGIRIMAN","TRANSIT","TIBA DILOKASI","PENGIRIMAN","","","PENGIRIMAN","",""
"1028","TERPASANG/TERKIRIM","TIBA DILOKASI","TIBA DILOKASI","TIBA DILOKASI","TERPASANG/TERKIRIM","PENGIRIMAN","TERPASANG/TERKIRIM","PENGIRIMAN","PENGIRIMAN","TRANSIT","TIBA DILOKASI","PENGIRIMAN","","","PENGIRIMAN","",""
"1029","TERPASANG/TERKIRIM","TIBA DILOKASI","TIBA DILOKASI","TIBA DILOKASI","TERPASANG/TERKIRIM","PENGIRIMAN","TERPASANG/TERKIRIM","PENGIRIMAN","TRANSIT","TERPASANG/TERKIRIM","PENGIRIMAN","PENGIRIMAN","","","PENGIRIMAN","",""
"1030","TERPASANG/TERKIRIM","TIBA DILOKASI","TIBA DILOKASI","TIBA DILOKASI","TERPASANG/TERKIRIM","PENGIRIMAN","TERPASANG/TERKIRIM","","PENGIRIMAN","TRANSIT","PENGIRIMAN","PENGIRIMAN","","","PENGIRIMAN","",""
"1031","TERPASANG/TERKIRIM","TIBA DILOKASI","TIBA DILOKASI","TIBA DILOKASI","TERPASANG/TERKIRIM","PENGIRIMAN","TERPASANG/TERKIRIM","","TRANSIT","TRANSIT","PENGIRIMAN","PENGIRIMAN","","","PENGIRIMAN","",""
"1032","TERPASANG/TERKIRIM","TIBA DILOKASI","TIBA DILOKASI","TIBA DILOKASI","TERPASANG/TERKIRIM","PENGIRIMAN","TERPASANG/TERKIRIM","","PENGIRIMAN","TRANSIT","PENGIRIMAN","PENGIRIMAN","","","PENGIRIMAN","",""
"1033","TERPASANG/TERKIRIM","TIBA DILOKASI","TIBA DILOKASI","TIBA DILOKASI","TERPASANG/TERKIRIM","PENGIRIMAN","TERPASANG/TERKIRIM","PENGIRIMAN","PENGIRIMAN","TRANSIT","TIBA DILOKASI","PENGIRIMAN","","","PENGIRIMAN","",""
"1034","TERPASANG/TERKIRIM","TIBA DILOKASI","TIBA DILOKASI","TIBA DILOKASI","TERPASANG/TERKIRIM","PENGIRIMAN","TERPASANG/TERKIRIM","","PENGIRIMAN","TRANSIT","TIBA DILOKASI","PENGIRIMAN","","","PENGIRIMAN","",""
"1035","TERPASANG/TERKIRIM","TIBA DILOKASI","TIBA DILOKASI","TIBA DILOKASI","TERPASANG/TERKIRIM","PENGIRIMAN","TERPASANG/TERKIRIM","","PENGIRIMAN","TRANSIT","PENGIRIMAN","PENGIRIMAN","","","PENGIRIMAN","",""
"1036","TERPASANG/TERKIRIM","TIBA DILOKASI","TIBA DILOKASI","TIBA DILOKASI","TERPASANG/TERKIRIM","PENGIRIMAN","TERPASANG/TERKIRIM","","TRANSIT","TRANSIT","PENGIRIMAN","PENGIRIMAN","","","PENGIRIMAN","",""
"1037","TERPASANG/TERKIRIM","TIBA DILOKASI","TIBA DILOKASI","TIBA DILOKASI","TERPASANG/TERKIRIM","","TERPASANG/TERKIRIM","","TRANSIT","TRANSIT","TIBA DILOKASI","PENGIRIMAN","","","PENGIRIMAN","",""
"1038","TERPASANG/TERKIRIM","TIBA DILOKASI","TIBA DILOKASI","TIBA DILOKASI","TERPASANG/TERKIRIM","","TERPASANG/TERKIRIM","","TRANSIT","TERPASANG/TERKIRIM","TIBA DILOKASI","PENGIRIMAN","","","PENGIRIMAN","",""
"1039","TERPASANG/TERKIRIM","TIBA DILOKASI","TIBA DILOKASI","TIBA DILOKASI","TERPASANG/TERKIRIM","","TERPASANG/TERKIRIM","","PENGIRIMAN","TERPASANG/TERKIRIM","PENGIRIMAN","PENGIRIMAN","","","PENGIRIMAN","",""
"1040","TERPASANG/TERKIRIM","TIBA DILOKASI","TIBA DILOKASI","TIBA DILOKASI","TERPASANG/TERKIRIM","","PENGIRIMAN","","TRANSIT","TERPASANG/TERKIRIM","PENGIRIMAN","PENGIRIMAN","","","PENGIRIMAN","",""
"1041","TERPASANG/TERKIRIM","TIBA DILOKASI","TIBA DILOKASI","TIBA DILOKASI","TERPASANG/TERKIRIM","","TERPASANG/TERKIRIM","","PENGIRIMAN","TERPASANG/TERKIRIM","PENGIRIMAN","PENGIRIMAN","","","PENGIRIMAN","",""
"1042","TERPASANG/TERKIRIM","TIBA DILOKASI","TIBA DILOKASI","TIBA DILOKASI","TERPASANG/TERKIRIM","","TERPASANG/TERKIRIM","","TRANSIT","TERPASANG/TERKIRIM","TIBA DILOKASI","PENGIRIMAN","","","PENGIRIMAN","",""
"1043","TERPASANG/TERKIRIM","TIBA DILOKASI","TIBA DILOKASI","TIBA DILOKASI","TERPASANG/TERKIRIM","","TERPASANG/TERKIRIM","","PENGIRIMAN","TERPASANG/TERKIRIM","TIBA DILOKASI","PENGIRIMAN","","","PENGIRIMAN","",""
"1044","TERPASANG/TERKIRIM","TIBA DILOKASI","TIBA DILOKASI","TIBA DILOKASI","TERPASANG/TERKIRIM","","TERPASANG/TERKIRIM","","PENGIRIMAN","TERPASANG/TERKIRIM","PENGIRIMAN","PENGIRIMAN","","","PENGIRIMAN","",""
"1045","TERPASANG/TERKIRIM","TIBA DILOKASI","TIBA DILOKASI","TIBA DILOKASI","TERPASANG/TERKIRIM","","TERPASANG/TERKIRIM","TERPASANG/TERKIRIM","TERPASANG/TERKIRIM","TRANSIT","TIBA DILOKASI","PENGIRIMAN","","","PENGIRIMAN","",""
"1046","TERPASANG/TERKIRIM","TIBA DILOKASI","TIBA DILOKASI","TIBA DILOKASI","TERPASANG/TERKIRIM","","TERPASANG/TERKIRIM","","PENGIRIMAN","TRANSIT","PENGIRIMAN","PENGIRIMAN","","","PENGIRIMAN","",""
"1047","TERPASANG/TERKIRIM","TIBA DILOKASI","TIBA DILOKASI","TIBA DILOKASI","TERPASANG/TERKIRIM","","TERPASANG/TERKIRIM","","PENGIRIMAN","TRANSIT","PENGIRIMAN","PENGIRIMAN","","","PENGIRIMAN","",""
"1048","TERPASANG/TERKIRIM","TIBA DILOKASI","TIBA DILOKASI","TIBA DILOKASI","TERPASANG/TERKIRIM","","TERPASANG/TERKIRIM","","PENGIRIMAN","TRANSIT","PENGIRIMAN","PENGIRIMAN","","","PENGIRIMAN","",""
"1049","TERPASANG/TERKIRIM","TIBA DILOKASI","TIBA DILOKASI","TIBA DILOKASI","TERPASANG/TERKIRIM","","TERPASANG/TERKIRIM","","TERPASANG/TERKIRIM","TRANSIT","PENGIRIMAN","PENGIRIMAN","","","PENGIRIMAN","",""
"1050","TERPASANG/TERKIRIM","TIBA DILOKASI","TIBA DILOKASI","TIBA DILOKASI","TERPASANG/TERKIRIM","","TERPASANG/TERKIRIM","","TERPASANG/TERKIRIM","TRANSIT","TIBA DILOKASI","PENGIRIMAN","","","PENGIRIMAN","",""
"1051","TERPASANG/TERKIRIM","TIBA DILOKASI","TIBA DILOKASI","TIBA DILOKASI","TERPASANG/TERKIRIM","","TERPASANG/TERKIRIM","","PENGIRIMAN","TRANSIT","TIBA DILOKASI","PENGIRIMAN","","","PENGIRIMAN","",""
"1052","TERPASANG/TERKIRIM","TIBA DILOKASI","TIBA DILOKASI","TIBA DILOKASI","TERPASANG/TERKIRIM","","TERPASANG/TERKIRIM","","TERPASANG/TERKIRIM","TRANSIT","PENGIRIMAN","PENGIRIMAN","","","PENGIRIMAN","",""
"1053","TERPASANG/TERKIRIM","TIBA DILOKASI","TIBA DILOKASI","TIBA DILOKASI","TERPASANG/TERKIRIM","","TERPASANG/TERKIRIM","","TERPASANG/TERKIRIM","TRANSIT","TIBA DILOKASI","PENGIRIMAN","","","PENGIRIMAN","",""
"1054","TERPASANG/TERKIRIM","TIBA DILOKASI","TIBA DILOKASI","TIBA DILOKASI","TERPASANG/TERKIRIM","","TERPASANG/TERKIRIM","","PENGIRIMAN","TRANSIT","PENGIRIMAN","PENGIRIMAN","","","PENGIRIMAN","",""
"1055","TERPASANG/TERKIRIM","TIBA DILOKASI","TIBA DILOKASI","TIBA DILOKASI","TERPASANG/TERKIRIM","","TERPASANG/TERKIRIM","","PENGIRIMAN","TERPASANG/TERKIRIM","TIBA DILOKASI","PENGIRIMAN","","","PENGIRIMAN","",""
"1056","TERPASANG/TERKIRIM","TIBA DILOKASI","TIBA DILOKASI","TIBA DILOKASI","TERPASANG/TERKIRIM","","TERPASANG/TERKIRIM","","TERPASANG/TERKIRIM","TERPASANG/TERKIRIM","PENGIRIMAN","PENGIRIMAN","","","PENGIRIMAN","",""
"1057","TERPASANG/TERKIRIM","TIBA DILOKASI","TIBA DILOKASI","TIBA DILOKASI","TERPASANG/TERKIRIM","","TERPASANG/TERKIRIM","","PENGIRIMAN","TERPASANG/TERKIRIM","PENGIRIMAN","PENGIRIMAN","","","PENGIRIMAN","",""
"1058","TERPASANG/TERKIRIM","TIBA DILOKASI","TIBA DILOKASI","TIBA DILOKASI","TERPASANG/TERKIRIM","","TERPASANG/TERKIRIM","","TERPASANG/TERKIRIM","TERPASANG/TERKIRIM","PENGIRIMAN","PENGIRIMAN","","","PENGIRIMAN","",""
"1059","TERPASANG/TERKIRIM","TIBA DILOKASI","TIBA DILOKASI","TIBA DILOKASI","TERPASANG/TERKIRIM","","TERPASANG/TERKIRIM","PENGIRIMAN","TRANSIT","TERPASANG/TERKIRIM","PENGIRIMAN","PENGIRIMAN","","","PENGIRIMAN","",""
"1060","TERPASANG/TERKIRIM","TIBA DILOKASI","TIBA DILOKASI","TIBA DILOKASI","TERPASANG/TERKIRIM","","TERPASANG/TERKIRIM","","PENGIRIMAN","TERPASANG/TERKIRIM","PENGIRIMAN","PENGIRIMAN","","","","",""
"1061","TERPASANG/TERKIRIM","TIBA DILOKASI","TIBA DILOKASI","TIBA DILOKASI","TERPASANG/TERKIRIM","","TERPASANG/TERKIRIM","","PENGIRIMAN","TERPASANG/TERKIRIM","TIBA DILOKASI","PENGIRIMAN","","","","",""